Species,Country of Origin,Aroma,Flavor,Aftertaste,Acidity,Sweetness,Uniformity,Balance,Clean Cup
Robusta,Uganda,7.83,8.08,7.75,7.92,8,10,7.92,10
Robusta,India,8,7.75,7.92,8,8,10,7.92,10
Robusta,India,7.92,7.83,7.92,8,7.83,10,7.92,10
Robusta,Uganda,8,7.92,7.92,7.75,7.75,10,7.75,10
Robusta,Uganda,8.33,7.83,7.83,7.75,7.58,10,7.75,10
Robusta,India,8,7.92,7.67,8,7.75,10,7.92,10
Robusta,India,7.67,7.75,7.83,7.83,8,10,7.75,10
Robusta,India,7.67,7.75,7.83,7.67,7.92,10,7.83,10
Robusta,India,7.67,7.75,7.58,7.83,7.92,10,8,10
Robusta,Uganda,7.67,7.83,7.83,7.83,7.75,10,7.75,10
Robusta,Uganda,7.58,7.92,7.75,7.83,7.67,10,7.67,10
Robusta,India,7.67,7.83,7.75,7.5,7.75,10,7.58,10
Robusta,India,7.58,7.58,7.67,7.58,7.5,10,7.67,10
Robusta,Uganda,8,7.75,7.75,7.58,7.58,10,7.5,10
Robusta,Uganda,8,7.67,7.75,7.5,7.58,10,7.58,10
Robusta,India,7.75,7.75,7.67,7.67,7.58,10,7.58,10
Robusta,India,7.5,7.5,7.25,7.83,7.83,10,7.83,10
Robusta,Uganda,7.33,7.58,7.5,7.75,7.75,10,7.67,10
Robusta,Uganda,7.83,7.58,7.33,7.67,7.75,10,7.5,10
Robusta,Uganda,7.75,7.42,7.33,7.58,7.67,10,7.58,10
Robusta,India,7.67,7.67,7.5,7.33,7.42,10,7.5,10
Robusta,India,7.58,7.42,7.42,7.83,7.42,10,7.5,10
Robusta,United States,7.92,7.5,7.42,7.42,7.58,9.33,7.42,10
Robusta,Ecuador,7.75,7.58,7.33,7.58,7.75,10,7.83,10
Robusta,Ecuador,7.5,7.67,7.75,7.75,8.42,10,5.25,10
Robusta,United States,7.33,7.33,7.17,7.42,7.42,9.33,7.17,9.33
Robusta,India,7.42,6.83,6.75,7.17,7.08,9.33,7,9.33
Robusta,Vietnam,6.75,6.67,6.5,6.83,6.67,9.33,6.83,9.33
Arabica,Ethiopia,8.67,8.83,8.67,8.75,10,10,8.42,10
Arabica,Ethiopia,8.75,8.67,8.5,8.58,10,10,8.42,10
Arabica,Guatemala,8.42,8.5,8.42,8.42,10,10,8.42,10
Arabica,Ethiopia,8.17,8.58,8.42,8.42,10,10,8.25,10
Arabica,Ethiopia,8.25,8.5,8.25,8.5,10,10,8.33,10
Arabica,Brazil,8.58,8.42,8.42,8.5,10,10,8.33,10
Arabica,Peru,8.42,8.5,8.33,8.5,10,10,8.25,10
Arabica,Ethiopia,8.25,8.33,8.5,8.42,9.33,10,8.5,10
Arabica,Ethiopia,8.67,8.67,8.58,8.42,9.33,9.33,8.42,10
Arabica,Ethiopia,8.08,8.58,8.5,8.5,10,10,8.42,10
Arabica,Ethiopia,8.17,8.67,8.25,8.5,10,10,8.17,10
Arabica,United States,8.25,8.42,8.17,8.33,10,10,8.17,10
Arabica,United States,8.08,8.67,8.33,8.42,10,10,8.08,10
Arabica,United States (Hawaii),8.33,8.42,8.08,8.25,10,10,8,10
Arabica,Ethiopia,8.25,8.33,8.5,8.25,9.33,9.33,8.75,10
Arabica,United States,8,8.5,8.58,8.17,10,10,8,10
Arabica,Indonesia,8.33,8.25,7.83,7.75,10,10,8.42,10
Arabica,Ethiopia,8.17,8.33,8.25,8.33,9.33,9.33,8.33,10
Arabica,China,8.42,8.25,8.08,8.17,10,10,8,10
Arabica,Ethiopia,8.17,8.17,8,8.17,10,10,8.33,10
Arabica,United States,8,8.25,8.08,8.5,10,10,8,10
Arabica,Costa Rica,8.08,8.25,8,8.17,10,10,8.33,10
Arabica,Mexico,8.17,8.25,8.17,8,10,10,8.17,10
Arabica,United States,8.25,8.33,8.17,8.17,10,10,8.17,10
Arabica,Ethiopia,8.42,8.17,7.92,8.17,10,10,8,10
Arabica,Brazil,8.5,8.5,8,8,10,10,8,10
Arabica,Ethiopia,7.83,8.25,8.08,8.17,10,10,8.17,10
Arabica,Uganda,8.42,8.17,8.17,8.17,10,10,7.92,10
Arabica,Honduras,8.17,8.08,8.08,8,10,10,8,10
Arabica,Taiwan,8,8,8,8.25,10,10,8.17,10
Arabica,Nicaragua,7.92,8.25,8,8.33,10,10,8.08,10
Arabica,"Tanzania, United Republic Of",8.42,8.17,8.17,8,10,10,8,10
Arabica,Brazil,8.5,8.17,8,7.75,10,10,8,10
Arabica,Costa Rica,8.17,7.83,8,8.08,10,10,8,10
Arabica,Ethiopia,8,8.08,7.92,8,10,10,8.08,10
Arabica,Kenya,8.08,8,8,8.25,10,10,7.92,10
Arabica,United States (Hawaii),8.08,8.17,8,7.92,10,10,7.83,10
Arabica,United States (Hawaii),8.25,8.42,8.08,7.75,10,10,7.83,10
Arabica,Ethiopia,7.92,7.75,8.08,8.08,10,10,8.17,10
Arabica,United States,7.67,8.17,8,8,10,10,8.08,10
Arabica,Thailand,7.83,8.33,7.83,8.25,10,10,7.92,10
Arabica,Brazil,8.17,7.92,7.92,7.75,10,10,8,10
Arabica,Brazil,8.42,7.92,8,7.75,10,10,8,10
Arabica,Taiwan,8.08,8.17,7.75,8.08,10,10,7.83,10
Arabica,Kenya,8.08,8.08,8,8,10,10,8.08,10
Arabica,Brazil,8.33,8,8,8,10,10,8,10
Arabica,Uganda,8.08,8.08,7.83,7.92,10,10,7.92,10
Arabica,Colombia,7.75,7.92,7.83,8.08,10,10,8.17,10
Arabica,Kenya,7.92,8.17,7.83,8.5,10,10,7.92,10
Arabica,Uganda,8.25,8,7.83,8.08,10,10,7.92,10
Arabica,Ethiopia,7.75,8.08,8,8.25,10,10,8,10
Arabica,United States (Hawaii),8.33,8.17,7.75,8,10,10,7.83,10
Arabica,Guatemala,7.92,8.08,7.92,8.08,10,10,7.83,10
Arabica,Uganda,8.17,8.17,7.92,8.08,10,10,7.75,10
Arabica,Colombia,8,8,8,8.17,10,10,8,10
Arabica,Panama,8,8,7.92,8.08,10,10,8,10
Arabica,Ethiopia,7.83,8.08,7.92,8.08,10,10,7.92,10
Arabica,Guatemala,7.83,8,8,8.17,10,10,8,10
Arabica,Guatemala,8,8,7.83,8.33,10,10,7.83,10
Arabica,Ethiopia,7.83,8,7.83,8.17,10,10,8,10
Arabica,Peru,8,8,8,8.08,10,10,7.75,10
Arabica,Papua New Guinea,8.33,8.42,7.83,8.33,10,9.33,8.25,9.33
Arabica,El Salvador,7.92,8.17,8,7.92,10,10,7.83,10
Arabica,El Salvador,7.83,8,8,7.75,10,10,8.17,10
Arabica,United States (Hawaii),7.83,8,7.92,7.75,10,10,8,10
Arabica,Panama,8,7.75,7.83,7.83,10,10,8.58,10
Arabica,Kenya,7.92,7.92,7.83,8.08,10,10,7.92,10
Arabica,Ethiopia,7.83,8,7.83,7.92,10,10,8.08,10
Arabica,Uganda,8.33,7.92,7.67,7.92,10,10,7.92,10
Arabica,Guatemala,8,7.83,7.67,8.33,10,10,8,10
Arabica,Ethiopia,7.75,7.83,7.83,8.17,10,10,7.83,10
Arabica,Uganda,8.08,8,7.83,7.67,10,10,7.83,10
Arabica,United States (Hawaii),7.92,7.92,7.75,7.92,10,10,7.92,10
Arabica,Brazil,8,8,8,7.67,10,10,8,10
Arabica,El Salvador,8.08,7.83,7.83,8.08,10,10,7.83,10
Arabica,China,8,8,8,7.83,10,10,7.75,10
Arabica,Guatemala,7.83,7.75,7.83,7.67,10,10,8.58,10
Arabica,Costa Rica,7.92,8.08,8,7.92,9.33,10,8.08,10
Arabica,Costa Rica,8,7.58,7.58,7.67,10,10,8.5,10
Arabica,Kenya,7.83,8.08,7.75,8.08,10,10,7.75,10
Arabica,Kenya,8,7.92,7.92,8.08,10,10,7.75,10
Arabica,Ethiopia,7.83,7.83,7.92,8.08,10,10,7.83,10
Arabica,Ethiopia,7.92,7.83,7.75,8.33,10,10,7.75,10
Arabica,Guatemala,8,7.92,7.75,8,10,10,7.83,10
Arabica,Colombia,8.17,7.92,7.83,8,10,10,7.83,10
Arabica,Colombia,7.58,8.08,7.92,7.83,10,10,7.92,10
Arabica,Indonesia,7.75,7.83,7.67,8,10,10,7.83,10
Arabica,Guatemala,8.25,8,7.67,7.92,10,10,7.67,10
Arabica,Ethiopia,7.75,8,7.58,8,10,10,7.92,10
Arabica,Colombia,8.17,7.83,7.58,8.08,10,10,7.75,10
Arabica,Ethiopia,8.42,8,7.42,8,10,9.33,7.92,10
Arabica,United States (Hawaii),7.58,7.83,7.83,7.92,10,10,8.17,10
Arabica,Colombia,7.83,8,7.75,7.75,10,10,7.83,10
Arabica,United States (Hawaii),8.08,8.17,7.92,8,10,9.33,8,9.33
Arabica,Ethiopia,7.67,8,7.83,8,10,10,7.83,10
Arabica,United States (Hawaii),7.5,7.92,8.25,7.83,10,10,7.75,10
Arabica,Uganda,8.17,7.92,7.75,7.75,10,10,7.75,10
Arabica,Colombia,8,7.92,7.75,7.92,10,10,7.83,10
Arabica,Costa Rica,7.83,8,7.58,7.92,10,10,7.83,10
Arabica,Mexico,7.83,8,7.83,7.75,10,10,7.83,10
Arabica,Kenya,8.17,7.83,7.92,7.75,10,10,7.83,10
Arabica,Kenya,7.75,7.83,7.75,8.08,10,10,7.75,10
Arabica,Brazil,8,8,7.83,7.83,10,10,7.67,10
Arabica,Mexico,7.92,8.17,7.75,8.08,10,10,7.83,10
Arabica,United States (Hawaii),7.75,7.92,7.75,7.75,10,10,8,10
Arabica,Guatemala,7.83,8.08,7.67,8,10,10,7.67,10
Arabica,Colombia,7.92,7.92,7.67,7.83,10,10,7.83,10
Arabica,Colombia,7.92,7.83,7.75,7.83,10,10,8,10
Arabica,Taiwan,7.67,7.83,8,7.58,10,10,7.92,10
Arabica,"Tanzania, United Republic Of",8,7.83,7.83,7.92,10,10,7.75,10
Arabica,Colombia,7.75,7.92,7.83,7.75,10,10,8,10
Arabica,Mexico,7.75,8,7.75,7.83,10,10,7.92,10
Arabica,Brazil,8,7.92,7.75,7.75,10,10,7.75,10
Arabica,Brazil,8,8,7.75,8,10,10,7.75,10
Arabica,Kenya,8,7.67,7.83,8.17,10,10,7.75,10
Arabica,Taiwan,7.92,7.58,7.83,7.83,10,10,7.83,10
Arabica,Uganda,7.75,7.92,7.67,7.67,10,10,7.75,10
Arabica,United States (Hawaii),7.67,7.75,7.75,7.75,10,10,8,10
Arabica,Ethiopia,7.75,7.92,7.83,7.92,10,10,7.67,10
Arabica,Ethiopia,7.42,7.92,7.92,8,10,10,7.83,10
Arabica,Thailand,7.75,7.75,7.75,7.75,10,10,7.75,10
Arabica,Kenya,7.92,7.83,7.58,7.92,10,10,7.83,10
Arabica,Honduras,7.83,7.75,8,7.67,10,10,7.67,10
Arabica,El Salvador,7.75,8,8,8.33,9.33,10,7.92,10
Arabica,Nicaragua,7.83,7.58,7.58,7.83,10,10,7.67,10
Arabica,El Salvador,7.83,7.83,7.5,8,10,10,7.67,10
Arabica,Indonesia,7.92,7.83,7.75,7.75,10,10,7.75,10
Arabica,Japan,7.75,7.75,7.75,7.42,10,10,7.83,10
Arabica,Costa Rica,8.08,7.75,7.67,7.83,10,10,7.92,10
Arabica,Guatemala,7.75,7.83,7.58,8,10,10,7.75,10
Arabica,Costa Rica,8.17,8,7.83,7.17,10,10,7.75,10
Arabica,Ethiopia,8.08,7.83,7.75,7.83,10,10,7.67,10
Arabica,Costa Rica,7.67,7.58,7.75,7.75,10,10,8.58,10
Arabica,Costa Rica,8,7.58,7.83,7.75,10,10,7.75,10
Arabica,Costa Rica,8.08,7.83,7.75,7.83,9.33,10,8,10
Arabica,Taiwan,8,7.92,7.75,7.75,10,10,7.75,10
Arabica,Colombia,7.75,7.83,7.75,7.83,10,10,7.83,10
Arabica,Kenya,7.75,7.92,7.83,8,10,10,7.75,10
Arabica,Guatemala,8,7.83,7.67,7.83,10,10,8,10
Arabica,Guatemala,7.67,7.83,7.67,8,10,10,7.83,10
Arabica,Mexico,7.83,7.58,7.67,7.92,10,10,7.83,10
Arabica,Uganda,7.92,7.83,7.75,7.92,10,10,7.75,10
Arabica,Peru,7.67,7.83,7.75,7.75,10,10,7.83,10
Arabica,Ethiopia,7.42,7.75,7.75,8,10,10,7.92,10
Arabica,Kenya,7.92,7.75,7.83,7.75,10,10,7.92,10
Arabica,Colombia,7.83,7.67,7.58,7.92,10,10,7.83,10
Arabica,Colombia,7.92,7.83,7.58,8,10,10,7.67,10
Arabica,Kenya,7.83,7.83,7.83,7.75,10,10,7.83,10
Arabica,Guatemala,7.75,7.83,7.67,7.92,10,10,7.83,10
Arabica,Guatemala,8,7.92,7.67,7.58,10,10,7.67,10
Arabica,Colombia,7.67,7.67,7.58,7.75,10,10,8.5,10
Arabica,Colombia,7.75,7.75,7.83,7.75,10,10,8,10
Arabica,Kenya,7.75,7.75,7.75,8.08,10,10,7.75,10
Arabica,Colombia,7.67,7.83,7.83,8,10,10,7.92,10
Arabica,Costa Rica,7.75,7.83,7.75,8,10,10,7.67,10
Arabica,Colombia,7.42,7.67,7.75,7.75,10,10,7.83,10
Arabica,Brazil,8,8,7.75,7.75,10,10,7.75,10
Arabica,Brazil,8.5,8,7.5,7.75,10,10,7.83,10
Arabica,Costa Rica,7.92,7.67,7.92,7.75,10,10,7.58,10
Arabica,Uganda,7.92,7.75,7.67,7.75,10,10,7.75,10
Arabica,China,7.75,7.92,7.67,7.83,10,10,7.67,10
Arabica,Costa Rica,7.92,7.83,7.83,7.83,10,10,7.58,10
Arabica,Colombia,8.08,7.67,7.83,7.83,10,10,7.67,10
Arabica,China,7.67,8,7.75,7.83,10,10,7.58,10
Arabica,Guatemala,8.17,7.83,7.67,7.83,10,10,7.83,10
Arabica,Kenya,7.92,7.83,7.67,8,10,10,7.75,10
Arabica,Mexico,8,7.92,7.42,8.08,10,10,7.67,10
Arabica,Mexico,7.92,7.83,7.75,7.75,10,10,7.83,10
Arabica,Guatemala,7.67,8,7.67,8,10,10,7.83,10
Arabica,Brazil,7.81,7.81,7.88,7.75,10,9.5,8.25,10
Arabica,Brazil,8.17,7.67,7.75,7.75,10,10,7.75,10
Arabica,Costa Rica,7.58,7.83,7.83,8,10,10,7.58,10
Arabica,Indonesia,7.67,7.67,7.83,7.58,10,10,7.83,10
Arabica,Colombia,7.92,7.83,7.75,7.67,10,10,7.67,10
Arabica,Colombia,7.92,7.75,7.67,7.92,10,10,7.75,10
Arabica,Taiwan,7.83,7.83,7.75,8,10,10,7.75,10
Arabica,United States (Hawaii),7.92,7.92,7.5,7.83,10,10,7.92,10
Arabica,Mexico,7.75,7.92,7.75,7.67,10,10,7.67,10
Arabica,Ethiopia,7.5,7.75,7.83,7.92,10,10,7.75,10
Arabica,Kenya,7.33,7.58,7.83,7.75,10,10,7.92,10
Arabica,Honduras,7.92,8,7.75,7.67,10,10,7.75,10
Arabica,Colombia,7.58,7.75,7.5,7.83,10,10,8.5,10
Arabica,Honduras,7.58,7.92,7.58,7.75,10,10,7.75,10
Arabica,Colombia,7.67,7.67,7.75,7.83,10,10,7.83,10
Arabica,Colombia,7.75,7.67,8,7.67,10,10,7.83,10
Arabica,Colombia,7.75,7.58,7.33,7.83,10,10,8.08,10
Arabica,Mexico,8,7.75,7.75,7.83,10,10,7.67,10
Arabica,Brazil,8.17,8,7.5,7.75,10,10,7.67,10
Arabica,Brazil,8,8,7.5,7.5,10,10,7.75,10
Arabica,Ethiopia,7.75,7.75,7.92,7.75,10,10,7.92,10
Arabica,Guatemala,7.5,7.67,7.75,7.67,10,10,7.92,10
Arabica,Taiwan,7.92,7.75,7.75,7.67,10,10,7.83,10
Arabica,Thailand,7.83,7.75,7.75,7.42,10,10,7.67,10
Arabica,Colombia,7.83,7.58,7.75,7.58,10,10,8,10
Arabica,Guatemala,7.75,7.75,7.58,7.92,10,10,7.75,10
Arabica,Guatemala,7.75,7.92,7.5,8.08,10,10,7.67,10
Arabica,China,7.83,7.83,7.58,7.75,10,10,7.75,10
Arabica,Colombia,7.67,7.67,7.75,7.75,10,10,7.92,10
Arabica,Colombia,7.83,7.67,7.75,7.58,10,10,7.75,10
Arabica,Colombia,7.83,7.75,7.83,7.58,10,10,7.75,10
Arabica,Colombia,7.42,7.67,7.83,7.75,10,10,7.83,10
Arabica,"Tanzania, United Republic Of",7.83,7.67,7.75,7.83,10,10,7.67,10
Arabica,"Tanzania, United Republic Of",7.83,7.75,7.75,7.75,10,10,7.75,10
Arabica,Guatemala,7.83,7.83,7.5,7.92,10,10,7.75,10
Arabica,Colombia,7.58,7.5,7.75,7.83,10,10,7.83,10
Arabica,United States (Hawaii),7.33,7.92,7.92,7.92,9.33,10,8.08,10
Arabica,Mexico,7.83,7.92,7.67,7.83,10,10,7.75,10
Arabica,Mexico,7.83,7.83,7.75,7.67,10,10,7.58,10
Arabica,Mexico,7.83,7.92,7.67,7.75,10,10,7.75,10
Arabica,Uganda,8.17,7.75,7.58,7.67,10,10,7.58,10
Arabica,Guatemala,7.75,7.83,7.58,7.83,10,10,7.75,10
Arabica,Colombia,7.83,7.75,7.58,7.67,10,10,7.83,10
Arabica,Costa Rica,7.92,7.75,7.67,7.67,10,10,7.67,10
Arabica,Guatemala,7.75,7.75,7.58,8,10,10,7.83,10
Arabica,Guatemala,7.75,7.92,7.58,7.92,10,10,7.67,10
Arabica,Guatemala,7.58,7.83,7.58,7.83,10,10,7.67,10
Arabica,Colombia,8,7.5,7.5,7.67,10,10,7.83,10
Arabica,Nicaragua,7.67,7.83,7.83,7.5,10,10,7.83,10
Arabica,Brazil,7.67,7.75,7.75,7.67,10,10,7.75,10
Arabica,Costa Rica,7.67,7.75,7.67,7.75,10,10,8,10
Arabica,Ethiopia,7.5,7.92,7.58,7.83,10,10,7.83,10
Arabica,"Tanzania, United Republic Of",7.92,7.75,7.75,7.75,10,10,7.58,10
Arabica,Colombia,7.67,7.5,7.67,7.42,10,10,8.58,10
Arabica,Guatemala,7.67,7.75,7.67,7.75,10,10,7.75,10
Arabica,Kenya,7.58,7.75,7.75,7.75,10,10,7.83,10
Arabica,Brazil,7.58,7.83,7.75,7.67,10,10,8,10
Arabica,Guatemala,7.92,7.75,7.67,7.67,10,10,7.92,10
Arabica,El Salvador,8.42,8.08,7.5,7.17,10,9.33,8.17,10
Arabica,Colombia,7.75,7.75,7.75,7.75,10,10,7.75,10
Arabica,Guatemala,7.83,7.5,7.5,8,10,10,7.83,10
Arabica,Uganda,7.83,7.75,7.5,7.83,10,10,7.75,10
Arabica,Indonesia,7.81,7.88,7.56,7.75,10,10,7.75,10
Arabica,Colombia,7.83,7.5,7.42,7.5,10,10,8.5,10
Arabica,Taiwan,7.58,7.67,7.67,7.67,10,10,7.83,10
Arabica,Guatemala,8,7.75,7.5,7.58,10,10,7.67,10
Arabica,Colombia,7.92,7.75,7.67,7.75,10,10,7.67,10
Arabica,Guatemala,7.58,7.75,7.67,8,10,10,7.67,10
Arabica,United States (Hawaii),7.83,7.75,7.83,7.83,10,9.33,8.08,10
Arabica,Mexico,7.67,7.75,7.67,7.75,10,10,7.75,10
Arabica,Ethiopia,7.92,7.92,7.83,8,8.67,10,7.92,10
Arabica,Costa Rica,7.58,7.75,7.67,7.75,10,10,7.75,10
Arabica,Ethiopia,7.83,7.75,7.67,7.75,10,10,7.75,10
Arabica,Honduras,7.42,7.83,7.75,7.92,10,10,7.58,10
Arabica,Guatemala,7.67,7.83,7.58,7.92,10,10,7.67,10
Arabica,Colombia,7.67,7.67,7.83,7.58,10,10,7.83,10
Arabica,Guatemala,7.92,7.67,7.42,7.92,10,10,7.83,10
Arabica,Guatemala,7.75,7.83,7.5,7.83,10,10,7.67,10
Arabica,Colombia,7.67,7.75,7.67,7.67,10,10,7.75,10
Arabica,Colombia,7.58,7.42,7.75,7.92,10,10,7.92,10
Arabica,Colombia,7.67,7.67,7.5,7.5,10,10,7.67,10
Arabica,Ethiopia,7.75,7.75,7.5,7.58,10,10,7.92,10
Arabica,Brazil,7.58,7.83,7.67,7.25,10,10,7.75,10
Arabica,Colombia,7.67,7.83,7.67,7.75,10,10,7.75,10
Arabica,Kenya,7.67,7.83,7.5,7.75,10,10,7.67,10
Arabica,Thailand,7.92,8.17,8.17,8.42,9.33,8.67,8.17,8.67
Arabica,Kenya,7.67,7.75,7.67,7.75,10,10,7.67,10
Arabica,Uganda,7.92,7.75,7.58,7.67,10,10,7.83,10
Arabica,Thailand,7.58,7.75,7.58,7.75,10,10,7.75,10
Arabica,Brazil,7.5,7.75,7.58,7.5,10,10,7.5,10
Arabica,Mexico,7.83,7.83,7.58,7.92,10,10,7.5,10
Arabica,Thailand,7.67,7.75,7.5,7.67,10,10,7.83,10
Arabica,Brazil,7.58,7.67,7.67,7.75,10,10,7.83,10
Arabica,Taiwan,7.83,7.75,7.83,7.75,10,9.33,7.75,10
Arabica,Colombia,7.75,7.67,7.5,7.75,10,10,7.75,10
Arabica,Colombia,7.75,7.58,7.5,7.83,10,10,7.92,10
Arabica,Taiwan,7.75,7.75,7.58,7.75,10,10,7.67,10
Arabica,Colombia,7.92,7.67,7.5,7.83,10,10,7.67,10
Arabica,Colombia,7.83,7.75,7.58,7.58,10,10,7.75,10
Arabica,Colombia,7.75,7.58,7.67,7.83,10,10,7.67,10
Arabica,Taiwan,8,7.92,7.92,7.92,10,10,7.33,10
Arabica,Colombia,7.67,7.83,7.67,7.75,10,10,7.83,10
Arabica,Mexico,7.67,7.75,7.58,7.67,10,10,7.83,10
Arabica,Mexico,7.5,7.67,7.58,7.83,10,10,7.75,10
Arabica,Mexico,7.75,7.92,7.83,7.92,10,9.33,7.67,10
Arabica,Colombia,7.92,7.58,7.5,7.83,10,10,7.67,10
Arabica,Colombia,7.83,7.67,7.5,7.75,10,10,7.75,10
Arabica,Costa Rica,7.67,7.67,7.75,7.67,10,10,7.75,10
Arabica,Guatemala,7.75,7.75,7.5,7.75,10,10,7.58,10
Arabica,Taiwan,7.75,7.67,7.5,7.75,10,10,7.67,10
Arabica,Brazil,7.25,7.58,7.42,8,10,10,7.83,10
Arabica,Taiwan,7.67,7.75,7.67,7.75,10,10,7.75,10
Arabica,Ethiopia,7.75,7.75,7.67,7.67,10,10,7.67,10
Arabica,Brazil,7.67,7.67,7.58,7.5,9.33,10,8.17,10
Arabica,Costa Rica,7.83,7.42,7.5,7.83,10,10,7.83,10
Arabica,Guatemala,7.58,7.83,7.33,8,10,10,7.75,10
Arabica,Brazil,7.92,7.5,7.33,7.67,10,10,7.5,10
Arabica,Ecuador,7.5,7.67,7.58,7.75,10,10,7.83,10
Arabica,Colombia,7.67,7.58,7.58,7.83,10,10,7.67,10
Arabica,Guatemala,7.5,7.83,7.5,7.83,10,10,7.67,10
Arabica,Mexico,7.67,8,7.67,7.42,10,10,7.5,10
Arabica,Mexico,7.67,7.58,7.5,7.75,10,10,7.75,10
Arabica,Brazil,7.83,7.83,7.58,7.67,10,10,7.58,10
Arabica,Thailand,7.75,7.75,7.58,8,10,10,7.58,10
Arabica,Thailand,7.5,7.83,7.58,7.58,10,10,7.83,10
Arabica,Ethiopia,7.58,7.83,7.58,8,10,10,7.5,10
Arabica,Kenya,7.75,7.58,7.5,7.58,10,10,7.75,10
Arabica,Brazil,7.67,7.67,7.58,7.75,10,10,7.67,10
Arabica,Colombia,7.83,7.83,7.58,7.58,10,10,7.58,10
Arabica,Taiwan,7.67,7.67,7.58,7.58,10,10,7.83,10
Arabica,Colombia,7.92,7.75,7.5,7.67,10,10,7.5,10
Arabica,China,7.83,7.75,7.67,7.5,10,10,7.67,10
Arabica,Colombia,7.75,7.67,7.5,7.67,10,10,7.83,10
Arabica,Uganda,8,7.92,7.58,7.75,10,10,7.5,10
Arabica,United States (Puerto Rico),7.83,7.83,7.83,7.67,10,9.33,8.17,9.33
Arabica,Colombia,7.67,7.67,7.67,7.92,10,10,7.67,10
Arabica,Colombia,7.67,7.42,7.42,7.42,10,10,8.33,10
Arabica,Colombia,7.58,7.67,7.75,7.67,10,10,7.67,10
Arabica,Colombia,7.75,7.67,7.75,7.58,10,10,8,10
Arabica,United States (Hawaii),7.25,7.42,7.67,7.58,10,10,8.25,10
Arabica,Mexico,7.83,7.58,7.58,7.5,10,10,7.67,10
Arabica,Guatemala,7.67,7.58,7.58,7.67,10,10,7.75,10
Arabica,Colombia,7.83,7.83,7.58,7.33,10,10,7.67,10
Arabica,Colombia,7.75,7.67,7.25,7.25,10,10,8.5,10
Arabica,United States (Hawaii),7.83,7.67,7.75,7.67,10,10,7.5,10
Arabica,Brazil,7.67,7.83,7.5,7.67,10,10,7.5,10
Arabica,Kenya,8.08,7.67,7.67,7.58,10,10,7.67,10
Arabica,Honduras,7.5,7.5,7.67,7.67,10,10,8,10
Arabica,Nicaragua,7.67,7.75,7.67,7.67,10,10,7.58,10
Arabica,Brazil,7.58,7.75,7.58,7.75,10,10,7.58,10
Arabica,Taiwan,7.5,7.67,7.33,7.92,10,10,7.67,10
Arabica,Costa Rica,7.33,7.67,7.67,7.5,10,10,7.5,10
Arabica,Thailand,7.5,7.75,7.58,7.83,10,10,7.58,10
Arabica,Colombia,7.5,7.75,7.5,7.75,10,10,7.67,10
Arabica,Guatemala,8,7.5,7.33,8,10,9.33,8,10
Arabica,Colombia,7.83,7.75,7.67,7.58,10,10,7.67,10
Arabica,Colombia,7.67,7.67,7.67,7.67,10,10,7.75,10
Arabica,Guatemala,7.67,7.67,7.42,7.67,10,10,7.75,10
Arabica,Guatemala,7.83,7.67,7.33,7.67,10,10,7.83,10
Arabica,Colombia,7.75,7.75,7.58,7.83,10,10,7.75,10
Arabica,Guatemala,8.17,8.17,7.83,7.67,9.33,9.33,7.75,9.33
Arabica,Guatemala,7.67,8.17,7.5,7.42,10,10,7.83,10
Arabica,Mexico,7.67,7.5,7.5,7.33,10,10,8.25,10
Arabica,Indonesia,8.17,7.67,7.58,7.58,10,10,7.67,10
Arabica,Guatemala,7.67,7.5,7.33,8,10,10,7.67,10
Arabica,United States (Hawaii),7.75,8,7.92,8.08,9.33,9.33,8,9.33
Arabica,Brazil,7.58,7.67,7.58,7.58,10,10,7.58,10
Arabica,Guatemala,7.75,7.75,7.5,7.83,10,10,7.58,10
Arabica,Colombia,7.75,7.75,7.58,7.58,10,10,7.58,10
Arabica,China,7.67,7.58,7.58,7.58,10,10,7.75,10
Arabica,Colombia,7.67,7.75,7.58,7.67,10,10,7.58,10
Arabica,Mexico,7.75,7.75,7.58,7.58,10,10,7.67,10
Arabica,Ethiopia,7.75,7.67,7.58,7.67,10,10,7.67,10
Arabica,Uganda,7.67,7.67,7.42,7.75,10,10,7.67,10
Arabica,Colombia,7.67,7.58,7.67,7.67,10,10,7.67,10
Arabica,Colombia,7.67,7.58,7.67,7.58,10,10,7.75,10
Arabica,Colombia,7.75,7.58,7.5,7.58,10,10,7.83,10
Arabica,Taiwan,7.75,7.75,7.75,7.75,10,10,7.58,10
Arabica,Colombia,7.67,7.67,7.58,7.67,10,10,7.58,10
Arabica,Mexico,7.83,7.67,7.58,7.58,10,10,7.58,10
Arabica,Colombia,7.67,7.58,7.58,7.58,10,10,7.75,10
Arabica,Brazil,7.83,7.75,7.5,7.75,10,10,7.58,10
Arabica,Colombia,7.75,7.58,7.58,7.75,10,10,7.5,10
Arabica,Taiwan,7.58,7.58,7.17,7.17,10,10,7,10
Arabica,Costa Rica,7.92,7.42,7.5,7.67,10,10,7.67,10
Arabica,Colombia,7.75,7.58,7.58,7.5,10,10,7.75,10
Arabica,Guatemala,7.67,7.75,7.5,7.83,10,10,7.58,10
Arabica,Colombia,7.58,7.58,7.58,7.58,10,10,7.67,10
Arabica,"Tanzania, United Republic Of",7.75,7.67,7.58,7.67,10,10,7.58,10
Arabica,Indonesia,7.25,7.67,7.58,7.92,10,10,7.58,10
Arabica,Ethiopia,7.67,7.75,7.5,7.58,10,10,7.67,10
Arabica,Colombia,7.67,7.42,7.67,7.83,10,10,7.67,10
Arabica,Colombia,8,7.58,7.25,7.58,10,10,7.58,10
Arabica,Guatemala,7.58,7.75,7.5,7.83,10,10,7.67,10
Arabica,Colombia,7.75,7.58,7.33,7.5,10,10,7.83,10
Arabica,Honduras,7.67,7.5,7.67,7.5,10,10,7.67,10
Arabica,Colombia,7.58,7.75,7.42,7.67,10,10,7.67,10
Arabica,Colombia,7.58,7.67,7.58,7.75,10,10,7.75,10
Arabica,Mexico,7.83,7.58,7.25,7.5,10,10,7.42,10
Arabica,Mexico,7.67,7.75,7.67,7.75,10,10,7.5,10
Arabica,Mexico,7.75,7.67,7.67,7.75,10,10,7.5,10
Arabica,Guatemala,7.83,7.5,7.5,8,10,10,7.5,10
Arabica,Colombia,7.67,7.58,7.58,7.67,10,10,7.67,10
Arabica,Guatemala,7.5,7.5,7.75,7.5,10,10,7.67,10
Arabica,United States (Hawaii),7.5,7.67,7.58,7.92,10,10,7.67,10
Arabica,Indonesia,7.83,7.58,7.58,7.58,10,10,7.58,10
Arabica,Colombia,7.5,7.58,7.58,7.5,10,10,7.83,10
Arabica,Guatemala,7.67,7.75,7.5,7.58,10,10,7.67,10
Arabica,Colombia,7.67,7.67,7.5,7.67,10,10,7.58,10
Arabica,Costa Rica,7.58,7.5,7.42,7.92,10,10,7.67,10
Arabica,Taiwan,7.67,7.67,7,7.08,10,10,7,10
Arabica,Uganda,7.58,7.75,7.33,7.75,10,10,7.58,10
Arabica,Thailand,7.5,7.58,7.75,7.5,10,10,7.67,10
Arabica,El Salvador,7.58,7.5,7.75,7.58,10,10,7.67,10
Arabica,Colombia,7.58,7.67,7.58,7.67,10,10,7.67,10
Arabica,Brazil,7.33,7.83,7.75,7.5,10,10,7.83,10
Arabica,"Tanzania, United Republic Of",7.75,7.67,7.58,7.67,10,10,7.58,10
Arabica,Colombia,7.58,7.58,7.25,7.75,10,9.33,8.58,10
Arabica,Guatemala,7.75,7.83,7.33,7.83,10,10,7.67,10
Arabica,Guatemala,7.67,7.75,7.5,7.83,10,10,7.5,10
Arabica,Guatemala,7.67,7.5,7.75,7.42,10,10,7.75,10
Arabica,United States (Hawaii),7.42,7.75,7.67,7.58,10,10,7.67,10
Arabica,Colombia,7.5,7.75,7.58,7.5,10,10,7.75,10
Arabica,Colombia,7.58,7.58,7.58,7.67,10,10,7.67,10
Arabica,United States (Hawaii),7.5,7.92,7.42,7.67,10,10,7.58,10
Arabica,Thailand,7.58,7.25,7.5,7.92,10,10,7.42,10
Arabica,Mexico,7.25,7.88,7.38,7.63,10,9,8.75,10
Arabica,Colombia,7.75,7.5,7.75,7.58,10,10,7.58,10
Arabica,Colombia,7.67,7.58,7.58,7.42,10,10,7.75,10
Arabica,Colombia,7.83,7.58,7.58,7.58,10,10,7.58,10
Arabica,Brazil,7.5,7.83,7.33,7.58,10,10,7.92,10
Arabica,Mexico,7.75,7.75,7.5,7.67,10,10,7.58,10
Arabica,Colombia,7.67,7.75,7.42,7.83,10,10,7.42,10
Arabica,"Tanzania, United Republic Of",7.75,7.58,7.67,7.58,10,10,7.58,10
Arabica,Mexico,7.67,7.67,7.58,7.67,10,10,7.58,10
Arabica,Costa Rica,7.67,7.67,7.42,7.67,10,10,7.67,10
Arabica,United States (Hawaii),7.83,7.58,7.83,7.67,9.33,9.33,8,10
Arabica,Costa Rica,7.5,7.67,7.67,7.5,10,10,7.17,10
Arabica,Peru,7.83,7.75,7.58,7.83,10,9.33,7.58,10
Arabica,Haiti,7.58,7.5,7.67,7.5,10,10,7.42,10
Arabica,Colombia,7.67,7.67,7.5,7.67,10,10,7.42,10
Arabica,Guatemala,7.83,7.67,7.17,7.67,10,10,7.67,10
Arabica,United States (Hawaii),7.92,7.5,7.58,7.83,10,9.33,7.67,10
Arabica,Burundi,7.75,7.67,7.33,7.5,10,10,7.75,10
Arabica,Colombia,7.5,7.67,7.67,7.58,10,10,7.58,10
Arabica,United States (Hawaii),8.08,7.83,7.83,7.75,9.33,9.33,7.58,10
Arabica,United States (Hawaii),7.58,7.67,7.58,7.5,10,10,7.67,10
Arabica,Mexico,7.67,7.83,7.42,7.83,10,10,7.5,10
Arabica,Costa Rica,7.5,7.5,7.83,7.5,10,10,7.67,10
Arabica,Costa Rica,7.83,7.5,7.42,7.67,10,10,7.67,10
Arabica,Guatemala,7.5,7.58,7.42,7.83,10,10,7.58,10
Arabica,Uganda,7.5,7.67,7.67,7.42,10,10,7.67,10
Arabica,Brazil,7.58,7.67,7.42,7.5,10,10,7.42,10
Arabica,Colombia,7.58,7.67,7.67,7.17,10,10,7.83,10
Arabica,Mexico,7.83,7.75,7.5,7.58,10,10,7.58,10
Arabica,Taiwan,7.67,7.5,7.5,7.5,10,10,7.83,10
Arabica,Taiwan,7.92,7.83,7.75,7.58,10,10,7.33,10
Arabica,Colombia,7.58,7.58,7.5,7.58,10,10,7.75,10
Arabica,Guatemala,7.5,7.67,7.58,7.67,10,10,7.5,10
Arabica,Colombia,7.83,7.5,7.67,7.33,10,10,7.67,10
Arabica,Mexico,7.58,7.75,7.5,7.5,10,10,7.58,10
Arabica,United States (Hawaii),7.58,7.75,7.83,8,9.33,9.33,7.67,10
Arabica,Mexico,7.75,7.58,7.58,7.58,10,10,7.58,10
Arabica,Mexico,7.75,7.75,7.42,7.92,10,10,7.5,10
Arabica,Guatemala,7.83,7.58,7.08,7.83,10,10,8.08,10
Arabica,Brazil,7.75,7.67,7.5,7.58,10,10,7.58,10
Arabica,Colombia,7.67,7.58,7.58,7.42,10,10,7.58,10
Arabica,Colombia,7.67,7.67,7.5,7.5,10,10,7.67,10
Arabica,Colombia,7.92,7.75,7.25,7.42,10,10,7.58,10
Arabica,Colombia,8,7.67,7.67,7.25,10,10,7.5,10
Arabica,Colombia,7.92,7.75,7.5,7.42,10,10,7.67,10
Arabica,Brazil,7.67,7.42,7.5,7.58,10,10,7.58,10
Arabica,Guatemala,7.58,7.58,7.33,7.67,10,10,7.58,10
Arabica,"Tanzania, United Republic Of",7.67,7.58,7.42,7.67,10,10,7.58,10
Arabica,Peru,7.92,7.5,7.5,7.58,10,10,7.5,10
Arabica,Vietnam,7.58,7.42,7.08,7.33,10,10,8.58,10
Arabica,Guatemala,7.67,7.75,7.42,7.75,10,10,7.5,10
Arabica,Honduras,7.67,7.67,7.5,7.67,10,10,7.67,10
Arabica,China,7.5,7.67,7.33,7.67,10,10,7.67,10
Arabica,China,7.67,7.67,7.5,7.67,10,10,7.58,10
Arabica,El Salvador,7.5,7.5,7.33,7.67,10,10,7.67,10
Arabica,Guatemala,7.5,7.75,7.5,7.83,10,10,7.5,10
Arabica,Guatemala,7.92,7.67,7.42,7.75,10,10,7.5,10
Arabica,Kenya,7.83,7.75,7.67,7.75,9.33,9.33,8.5,9.33
Arabica,Thailand,7.67,7.58,7.58,7.75,10,10,7.67,10
Arabica,"Tanzania, United Republic Of",7.58,7.67,7.67,7.58,10,10,7.58,10
Arabica,Colombia,7.58,7.5,7.5,7.67,10,10,7.67,10
Arabica,Uganda,8,7.67,7.5,7.42,10,10,7.58,10
Arabica,Colombia,7.58,7.75,7.5,7.58,10,10,7.58,10
Arabica,Honduras,7.5,7.5,7.5,7.67,10,10,7.67,10
Arabica,Honduras,7.67,7.67,7.5,7.67,10,10,7.67,10
Arabica,Guatemala,7.33,7.83,7.17,8.17,10,10,7.67,10
Arabica,United States (Hawaii),7.5,7.5,7.58,7.42,10,10,7.67,10
Arabica,"Tanzania, United Republic Of",7.58,7.5,7.58,7.75,10,10,7.58,10
Arabica,Guatemala,7.67,7.83,7.33,7.67,10,10,7.67,10
Arabica,Mexico,7.75,7.58,7.58,7.58,10,10,7.42,10
Arabica,Mexico,7.75,7.67,7.58,7.5,10,10,7.58,10
Arabica,Mexico,7.58,7.75,7.42,7.67,10,10,7.58,10
Arabica,Colombia,7.67,7.5,7.5,7.5,10,10,8.17,10
Arabica,Mexico,7.75,7.5,7.42,7.75,10,10,7.58,10
Arabica,Colombia,7.58,7.67,7.5,7.58,10,10,7.67,10
Arabica,Mexico,7.5,7.75,7.58,7.58,10,10,7.5,10
Arabica,Brazil,7.75,7.67,7.58,7.5,10,10,7.58,10
Arabica,Brazil,7.92,7.58,7.5,7.58,10,10,7.5,10
Arabica,Guatemala,7.75,7.5,7.67,7.5,9.33,10,8,10
Arabica,Brazil,7.75,7.5,7.58,7.5,10,10,7.5,10
Arabica,Brazil,7.58,7.75,7.67,7.5,10,10,7.58,10
Arabica,El Salvador,7.42,7.83,8.17,8.08,10,10,7.58,9.33
Arabica,Ethiopia,7.75,8,7.67,8.08,9.33,9.33,7.92,9.33
Arabica,Colombia,7.58,7.67,7.33,7.67,10,10,7.58,10
Arabica,Colombia,7.75,7.5,7.5,7.42,10,10,7.75,10
Arabica,Brazil,7.58,7.58,7.58,7.5,10,10,7.58,10
Arabica,Brazil,7.33,7.67,7.67,7.33,10,10,7.42,10
Arabica,Taiwan,7.83,7.92,7.5,7.83,10,9.33,7.25,10
Arabica,Brazil,7.42,7.67,7.58,7.5,10,10,7.67,10
Arabica,Brazil,7.58,7.83,7.67,7.42,10,10,7.5,10
Arabica,Costa Rica,7.83,7.33,7.5,7.67,10,10,7.67,10
Arabica,United States (Hawaii),7.33,7.75,7.58,7.33,10,10,7.67,10
Arabica,Taiwan,7.75,7.75,7.5,7.5,10,10,7.5,10
Arabica,United States (Hawaii),7.83,7.83,7.33,7.17,10,10,7.67,10
Arabica,Mexico,7.75,7.67,7.42,7.75,10,10,7.5,10
Arabica,United States (Hawaii),7.67,7.58,7.5,7.67,10,9.33,8,9.33
Arabica,United States (Hawaii),7.33,7.58,7.58,7.92,10,10,7.58,10
Arabica,Colombia,7.33,7.33,7.33,7.58,10,10,8.08,10
Arabica,Colombia,7.83,7.75,7.33,7.25,10,10,7.92,10
Arabica,Indonesia,7.67,7.58,7.5,7.58,10,10,7.58,10
Arabica,Guatemala,7.92,7.67,7.67,7.25,10,9.33,7.67,10
Arabica,Brazil,7.58,7.5,7.5,7.75,10,10,7.5,10
Arabica,Brazil,7.5,7.58,7.58,7.67,10,10,7.5,10
Arabica,Brazil,7.5,7.67,7.58,7.67,10,10,7.42,10
Arabica,Uganda,7.67,7.58,7.42,7.42,10,10,7.5,10
Arabica,Uganda,7.67,7.67,7.5,7.58,10,10,7.5,10
Arabica,Colombia,7.67,7.67,7.33,7.67,10,10,7.58,10
Arabica,Vietnam,7.75,7.67,7.58,7.58,10,9.33,7.67,10
Arabica,Guatemala,7.67,7.75,7.33,7.92,10,10,7.5,10
Arabica,Guatemala,7.75,7.67,7.33,7.75,10,10,7.42,10
Arabica,Guatemala,7.83,7.67,7.25,7.67,10,10,7.5,10
Arabica,Brazil,7.67,7.67,7.67,7.5,10,10,7.5,10
Arabica,Taiwan,7.92,7.92,7.83,7.58,10,10,7.25,10
Arabica,Uganda,7.83,7.58,7.5,7.5,10,10,7.5,10
Arabica,United States (Puerto Rico),7.67,7.5,7.67,7.83,9.33,10,7.83,10
Arabica,Guatemala,7.67,7.67,7.42,7.83,10,10,7.5,10
Arabica,Costa Rica,7.67,7.58,7.5,7.58,10,10,7.5,10
Arabica,Brazil,7.75,7.58,7.42,7.67,10,10,7.67,10
Arabica,Colombia,7.75,7.42,7.33,7.5,10,10,7.17,10
Arabica,Colombia,7.83,7.5,7.58,7.33,10,10,7.67,10
Arabica,Colombia,7.33,7.67,7.75,7.42,10,10,7.58,10
Arabica,Colombia,7.58,7.75,7.42,7.67,10,10,7.42,10
Arabica,Colombia,7.5,7.5,7.42,7.58,10,10,7.58,10
Arabica,Mexico,7.67,7.58,7.42,7.5,10,10,7.58,10
Arabica,Mexico,7.67,7.83,7.5,7.58,10,9.33,7.67,10
Arabica,Mexico,7.5,7.67,7.5,7.5,10,10,7.58,10
Arabica,Colombia,7.67,7.58,7.5,7.5,10,10,7.5,10
Arabica,Colombia,7.75,7.58,7.5,7.67,10,9.33,7.75,10
Arabica,Colombia,7.67,7.58,7.58,7.58,10,10,7.42,10
Arabica,Guatemala,7.5,7.67,7.5,7.67,10,10,7.83,10
Arabica,Colombia,7.67,7.67,7.58,7.5,10,10,7.42,10
Arabica,Thailand,7.33,7.67,7.58,7.5,10,10,7.67,10
Arabica,Colombia,7.33,7.67,7.58,7.33,10,10,7.92,10
Arabica,United States (Hawaii),7.83,7.83,7.67,7.83,9.33,9.33,7.83,9.33
Arabica,United States (Hawaii),7.5,7.58,7.42,7.58,10,10,7.67,10
Arabica,Colombia,7.5,7.58,7.67,7.67,10,10,7.58,10
Arabica,Nicaragua,7.58,7.83,7.75,7.92,9.33,9.33,8.08,9.33
Arabica,Thailand,7.5,7.25,7.42,7.75,10,10,7.5,10
Arabica,Brazil,7.67,7.58,7.5,7.58,10,10,7.5,10
Arabica,El Salvador,7.5,7.5,7.75,7.58,9.33,10,7.83,10
Arabica,Colombia,7.58,7.67,7.5,7.33,10,10,7.58,10
Arabica,Taiwan,7.17,7.83,7.25,7.67,10,10,7.58,10
Arabica,Ethiopia,7.58,7.58,7.5,7.5,10,10,7.58,10
Arabica,Taiwan,7.5,7.58,7.67,7.33,10,10,7.75,10
Arabica,Philippines,7.58,7.58,7.67,7.58,10,10,7.5,10
Arabica,Philippines,8.08,7.5,7.67,7.42,10,10,7.5,10
Arabica,Mexico,7.83,7.67,7.25,7.58,10,10,7.5,10
Arabica,Mexico,7.75,7.67,7.42,7.42,10,10,7.5,10
Arabica,Brazil,7.08,7.5,7.5,7.83,10,10,7.67,10
Arabica,Uganda,8,7.5,7.5,7.58,10,10,7.42,10
Arabica,Uganda,7.75,7.58,7.58,7.5,10,10,7.5,10
Arabica,Guatemala,7.75,7.5,7.42,7.58,10,10,7.5,10
Arabica,Guatemala,7.67,7.83,7.42,7.5,10,10,7.5,10
Arabica,Guatemala,7.58,7.58,7.25,7.58,10,10,7.58,10
Arabica,Colombia,7.58,7.5,7.75,7.33,10,10,7.58,10
Arabica,Colombia,7.75,7.5,7.25,7.5,10,10,7.5,10
Arabica,Guatemala,7.83,7.75,7.25,7.92,10,10,7.17,10
Arabica,Colombia,7.83,7.67,7.42,7.42,10,10,7.58,10
Arabica,Mexico,7.58,7.58,7.33,7.25,10,10,7.75,10
Arabica,Vietnam,7.67,7.33,7.17,7.58,10,10,7.42,10
Arabica,Mexico,8,7.92,7.67,7.17,10,9.33,7.42,10
Arabica,United States (Hawaii),7.5,7.5,7.5,7.42,10,10,7.83,10
Arabica,Colombia,7.5,7.75,7.33,7.75,10,10,7.83,10
Arabica,Thailand,7.42,7.58,7.5,7.17,10,10,8,10
Arabica,Kenya,7.75,7.58,7.42,7.58,10,10,7.5,10
Arabica,Guatemala,7.5,7.58,7.33,7.67,10,10,7.58,10
Arabica,Brazil,7.67,7.58,7.58,7.5,10,10,7.42,10
Arabica,El Salvador,7.33,7.67,7.67,7.83,10,10,7.67,10
Arabica,Rwanda,7.83,7.92,7.75,7.83,9.33,9.33,7.75,9.33
Arabica,Vietnam,7.25,7.58,7.5,7.42,10,10,7.42,10
Arabica,Guatemala,7.58,7.58,7.33,7.67,10,10,7.5,10
Arabica,Brazil,7.58,7.83,7.33,7.67,10,10,7.33,10
Arabica,Colombia,7.83,7.67,7.5,7.58,10,10,7.67,10
Arabica,United States,7.42,7.58,7.25,7.5,10,10,7.75,10
Arabica,Guatemala,7.67,7.67,7.75,7.67,10,10,7.17,10
Arabica,Colombia,7.5,7.42,7.58,7.5,10,10,7.58,10
Arabica,Colombia,7.83,7.5,7.5,7.42,10,10,7.5,10
Arabica,"Tanzania, United Republic Of",7.67,7.5,7.33,7.25,10,10,7.75,10
Arabica,Mexico,7.58,7.67,7.5,7.58,10,10,7.5,10
Arabica,Mexico,7.67,7.58,7.42,7.75,10,10,7.42,10
Arabica,Guatemala,7.67,7.67,7.33,7.5,10,10,7.92,10
Arabica,Mexico,7.58,7.58,7.5,7.42,10,10,7.58,10
Arabica,El Salvador,7.75,7.58,7.75,7.75,10,10,7.5,10
Arabica,Guatemala,7.5,7.58,7.42,7.67,10,10,7.5,10
Arabica,Guatemala,7.58,7.67,7.5,7.58,10,10,7.42,10
Arabica,Guatemala,7.5,7.67,7.17,7.67,10,10,7.58,10
Arabica,Guatemala,7.5,7.5,7.42,7.58,10,10,7.5,10
Arabica,Guatemala,7.42,7.58,7.42,7.67,10,10,7.5,10
Arabica,Indonesia,7.5,7.58,7.42,7.58,10,10,7.5,10
Arabica,Guatemala,7.58,7.58,7.33,7.58,10,10,7.67,10
Arabica,Taiwan,7.83,7.67,7.33,7.67,10,9.33,7.67,10
Arabica,El Salvador,7.67,7.67,7.17,7.33,10,10,7.67,10
Arabica,Costa Rica,7.58,7.5,7.42,7.67,10,10,7.5,10
Arabica,Honduras,7.58,7.5,7.42,7.58,10,10,7.5,10
Arabica,Brazil,7.5,7.5,7.58,7.5,10,10,7.58,10
Arabica,China,7.67,7.5,7.33,7.33,10,10,7.67,10
Arabica,China,7.5,7.67,7.42,7.67,10,10,7.5,10
Arabica,Colombia,7.5,7.58,7.58,7.75,10,10,7.5,10
Arabica,Malawi,7.75,7.58,7.42,7.5,10,10,7.5,10
Arabica,Guatemala,7.75,7.42,7.25,7.75,10,10,7.67,10
Arabica,Colombia,7.67,7.42,7.42,7.58,10,10,7.67,10
Arabica,United States (Hawaii),7.67,7.58,7.42,7.83,10,10,7.5,10
Arabica,United States (Hawaii),7.58,7.83,7.75,7.75,10,9.33,8,9.33
Arabica,Colombia,7.58,7.33,7.17,7.33,10,10,8.58,10
Arabica,Mexico,7.58,7.58,7.5,7.5,10,10,7.5,10
Arabica,Mexico,7.58,7.58,7.33,7.75,10,10,7.58,10
Arabica,Mexico,8.08,8.17,8,8,10,6.67,7.92,10
Arabica,Colombia,7.5,7.58,7.42,7.67,10,10,7.58,10
Arabica,Colombia,7.67,7.58,7.58,7.58,10,10,7.42,10
Arabica,United States (Hawaii),7.25,7.75,7.5,7.83,10,9.33,7.67,10
Arabica,Panama,7.42,7.42,7.5,7.58,10,10,7.75,10
Arabica,United States (Hawaii),7.75,7.67,7.5,7.83,10,10,7.42,10
Arabica,Brazil,7.5,7.58,7.25,7.75,10,10,7.5,10
Arabica,Brazil,7.5,7.58,7.5,7.67,10,10,7.42,10
Arabica,Laos,7.67,7.67,7.42,7.42,10,10,7.5,10
Arabica,El Salvador,7.67,7.67,7.67,7.67,9.33,10,7.67,10
Arabica,Mexico,7.5,7.67,7.42,7.75,10,10,7.17,10
Arabica,Colombia,7.75,7.5,7.33,7.58,10,10,7.75,10
Arabica,Brazil,7.58,7.5,7.42,7.67,10,10,7.5,10
Arabica,Brazil,7.33,7.5,7.58,7.58,10,10,7.5,10
Arabica,"Tanzania, United Republic Of",7.5,7.5,7.5,7.5,10,10,7.58,10
Arabica,"Tanzania, United Republic Of",7.58,7.5,7.5,7.58,10,10,7.58,10
Arabica,Taiwan,8,7.83,7.83,7.42,10,10,7.25,10
Arabica,Mexico,7.67,7.58,7.42,7.5,10,10,7.5,10
Arabica,Uganda,7.67,7.5,7.33,7.67,10,10,7.5,10
Arabica,Taiwan,7.67,7.5,7.5,7.5,10,10,7.5,10
Arabica,Thailand,7.42,7.5,7.5,7.67,10,10,7.5,10
Arabica,Colombia,7.75,7.58,7.67,7.25,10,10,7.42,10
Arabica,El Salvador,7.92,8,7.5,6.75,9.33,10,7.58,10
Arabica,Guatemala,7.67,7.67,7.17,7.67,10,10,7.5,10
Arabica,Thailand,7.83,7.33,7.83,7.33,9.33,10,7.83,10
Arabica,Mexico,7.58,7.58,7.42,7.58,10,10,7.5,10
Arabica,Mexico,7.5,7.58,7.58,7.58,10,10,7.42,10
Arabica,Colombia,7.33,7.58,7.42,7.42,10,10,7.67,10
Arabica,United States (Hawaii),7.83,7.67,7.5,7.67,9.33,10,7.58,10
Arabica,Mexico,7.75,7.58,7.25,7.75,10,10,7.58,10
Arabica,Colombia,8.08,7.67,7.67,7.33,10,10,7.17,10
Arabica,Colombia,7.5,7.42,7.33,7.33,10,10,7.83,10
Arabica,Guatemala,7.5,7.42,7.42,7.75,10,10,7.5,10
Arabica,Taiwan,7.67,7.42,7.5,7.42,10,10,7.5,10
Arabica,Brazil,7.5,7.58,7.42,7.5,10,10,7.33,10
Arabica,Taiwan,7.25,7.25,7,7.08,10,10,7,10
Arabica,Brazil,7.42,7.42,7.5,7.33,10,10,7.67,10
Arabica,Indonesia,7.83,7.58,7.42,7.33,10,10,7.5,10
Arabica,Thailand,7.75,7.33,7.42,7.67,10,10,7.5,10
Arabica,Thailand,7.42,7.58,7.58,7.42,10,10,7.5,10
Arabica,"Tanzania, United Republic Of",7.75,7.42,7.33,7.5,10,10,7.5,10
Arabica,Uganda,7.83,7.5,7.42,7.58,10,10,7.42,10
Arabica,Costa Rica,7.67,7.42,7.5,7.67,10,10,7.75,10
Arabica,Mexico,7.58,7.58,7.42,7.75,10,9.33,7.67,10
Arabica,Guatemala,7.5,7.58,7.42,7.58,10,10,7.58,10
Arabica,Colombia,7.75,7.25,7.33,7.42,10,10,7.83,10
Arabica,Colombia,7.75,7.5,7.75,7.25,10,10,7.58,10
Arabica,Colombia,7.58,7.5,7.42,7.58,10,10,7.42,10
Arabica,Mexico,7.5,7.58,7.5,7.5,10,10,7.5,10
Arabica,Mexico,7.67,7.58,7.58,7.75,10,10,6.83,10
Arabica,Colombia,7.33,7.42,7.58,7.42,10,10,7.5,10
Arabica,Brazil,7.58,7.5,7.33,7.75,10,10,7.5,10
Arabica,Brazil,7.5,7.5,7.5,7.5,10,10,7.5,10
Arabica,Indonesia,7.83,7.75,7.25,7.5,10,10,7.33,10
Arabica,Honduras,7.58,7.58,7.33,7.5,10,10,7.5,10
Arabica,Guatemala,7.5,7.5,7.33,7.5,10,10,7.5,10
Arabica,Thailand,7.5,7.83,7.5,7.75,10,9.33,7.42,10
Arabica,Thailand,7.33,7.5,7.5,7.5,10,10,7.5,10
Arabica,"Tanzania, United Republic Of",7.67,7.42,7.33,7.58,10,10,7.5,10
Arabica,"Tanzania, United Republic Of",7.75,7,7.42,7.58,10,10,7.58,10
Arabica,Mexico,7.42,7.58,7.5,7.67,10,10,7.5,10
Arabica,Brazil,7.42,7.5,7.67,7.33,10,10,7.67,10
Arabica,Guatemala,7.83,7.42,7.33,7.67,10,10,7.5,10
Arabica,Colombia,7.5,7.5,7.42,7.42,10,10,7.58,10
Arabica,Guatemala,7.83,7.67,7.17,7.33,10,10,7.67,10
Arabica,Mexico,7.5,7.58,7.5,7.5,10,10,7.42,10
Arabica,Mexico,7.67,7.5,7.33,7.67,10,10,7.33,10
Arabica,Mexico,7.92,7.5,7.33,7.58,10,10,7.42,10
Arabica,Guatemala,7.67,7.33,7.33,7.33,10,10,7.83,10
Arabica,Brazil,7.67,7.42,7.33,7.67,10,10,7.5,10
Arabica,Colombia,7.67,7.5,7.33,7.5,10,10,7.67,10
Arabica,United States (Hawaii),7.33,7.42,7.33,7.75,10,10,7.67,10
Arabica,Guatemala,7.75,7.58,7.67,7.67,10,9.33,7.58,10
Arabica,Honduras,7.42,7.67,7.17,7.58,10,10,7.5,10
Arabica,Guatemala,7.58,7.5,7.33,7.75,10,10,7.5,10
Arabica,Guatemala,7.67,7.58,7.25,7.67,10,10,7.33,10
Arabica,Guatemala,7.58,7.5,7.25,7.67,10,10,7.5,10
Arabica,Guatemala,7.5,7.42,7.08,7.75,10,10,7.5,10
Arabica,Colombia,5.08,7.75,7.83,7.75,10,10,8.08,10
Arabica,China,7.67,7.42,7.42,7.5,10,10,7.42,10
Arabica,Brazil,7.42,7.5,7.33,7.5,10,10,7.42,10
Arabica,"Tanzania, United Republic Of",7.67,7.25,7.42,7.42,10,10,7.42,10
Arabica,Brazil,7.17,7.83,7.33,7.5,10,10,7.42,10
Arabica,Guatemala,7.5,7.5,7.5,7.67,10,10,7.5,10
Arabica,Mexico,7.42,7.5,7.42,7.58,10,10,7.5,10
Arabica,Brazil,7.58,7.67,7.33,7.5,10,10,7.42,10
Arabica,Peru,7.58,7.58,7.58,7.75,10,9.33,7.58,10
Arabica,Brazil,7.25,7.33,7.25,7.5,10,10,7.5,10
Arabica,Mexico,7.5,7.58,7.5,7.92,10,9.33,7.67,10
Arabica,Honduras,7.25,7.67,7.42,7.17,10,10,7.5,10
Arabica,Colombia,7.67,7.42,7.33,7.5,10,10,7.5,10
Arabica,Mexico,7.5,7.42,7.42,7.67,10,10,7.58,10
Arabica,Mexico,7.42,7.58,7.5,7.42,10,10,7.5,10
Arabica,Mexico,7.42,7.58,7.33,7.58,10,10,7.5,10
Arabica,Mexico,7.75,7.33,7.25,7.58,10,10,7.33,10
Arabica,Mexico,7.5,7.58,7.33,7.5,10,10,7.5,10
Arabica,Mexico,7.58,7.58,7.17,7.5,10,10,7.5,10
Arabica,Mexico,7.58,7.33,7.33,7.58,10,10,7.5,10
Arabica,Mexico,7.67,7.58,7.33,7.42,10,10,7.33,10
Arabica,Mexico,7.83,7.5,7.42,7.67,10,10,7.33,10
Arabica,Colombia,7.67,7.33,7.25,7.42,10,10,7.67,10
Arabica,Brazil,7.75,7.5,7.42,7.42,10,10,7.42,10
Arabica,Colombia,7.33,7.58,7.17,7.58,10,10,7.58,10
Arabica,Colombia,7.58,7.25,7.42,7.25,10,10,7.83,10
Arabica,Honduras,7.5,7.58,7.33,7.5,10,10,7.42,10
Arabica,Brazil,7.33,7.5,7.5,7.33,10,10,7.5,10
Arabica,Brazil,7.42,7.42,7.42,7.5,10,10,7.58,10
Arabica,Brazil,7.5,7.5,7.42,7.5,10,10,7.5,10
Arabica,Costa Rica,7.75,7.5,7.25,7.25,10,10,7.67,10
Arabica,Costa Rica,7.75,7.33,7.5,7.5,10,10,7.58,10
Arabica,China,7.5,7.58,7.42,7.5,10,10,7.42,10
Arabica,Brazil,8.25,7.83,7.25,8.33,10,10,8.08,6.67
Arabica,Brazil,7.42,7.5,7.5,7.42,10,10,7.58,10
Arabica,Guatemala,7.5,7.42,7.17,7.83,10,10,7.5,10
Arabica,Malawi,7.33,7.58,7.42,7.58,10,10,7.5,10
Arabica,Brazil,7.75,8.08,7.67,8.08,6.67,10,8,10
Arabica,Guatemala,7.58,7.67,7.5,7.58,10,9.33,7.5,10
Arabica,Mexico,7.33,7.58,7.42,7.5,10,10,7.5,10
Arabica,Colombia,7.42,7.33,7.5,7.17,10,10,8.33,10
Arabica,Taiwan,7.5,7.5,7.5,7.5,10,10,7.5,10
Arabica,Taiwan,7.5,7.5,7.5,7.5,10,10,7.5,10
Arabica,Guatemala,7.5,7.42,7.58,7.5,10,10,7.58,10
Arabica,Colombia,7.5,7.42,7.5,7.5,10,10,7.58,10
Arabica,Mexico,7.67,7.5,7.42,7.5,10,10,7.42,10
Arabica,Costa Rica,7.92,7.58,7.25,7.75,10,9.33,7.58,9.33
Arabica,Guatemala,7.67,7.5,7.33,7.67,10,10,7.33,10
Arabica,Mexico,7.58,7.67,7.58,7.33,10,10,7.58,10
Arabica,Mexico,7.67,7.58,7.5,7.58,10,10,7.5,10
Arabica,Guatemala,7.5,7.67,7.33,7.5,10,10,7.5,10
Arabica,Brazil,7.58,7.5,7.42,7.5,10,10,7.42,10
Arabica,Mexico,8,7.75,7.33,7.33,10,9.33,7.67,10
Arabica,Brazil,7.58,7.58,7.25,7.58,10,10,7.5,10
Arabica,Colombia,7.83,7.58,7.33,7.25,10,10,7.42,10
Arabica,Brazil,7.58,7.5,7.25,7.42,10,10,7.33,10
Arabica,Taiwan,7,7.08,7,7.17,10,10,7,10
Arabica,Guatemala,7.67,7.5,7.25,7.67,10,10,7.42,10
Arabica,Brazil,7.42,7.67,7.5,7.08,10,10,7.42,10
Arabica,El Salvador,7.58,7.67,7.5,7.67,9.33,9.33,8.42,9.33
Arabica,Honduras,7.58,7.5,7.42,7.58,10,10,7.42,10
Arabica,Malawi,7.58,7.42,7.33,7.42,10,10,7.5,10
Arabica,Brazil,7.75,7.58,7.42,7.42,10,10,7.33,10
Arabica,Taiwan,7.5,7.5,7.5,7.5,10,10,7.5,10
Arabica,Mexico,7.58,7.58,7.42,7.42,10,10,7.42,10
Arabica,United States (Hawaii),7.33,7.42,7.5,7.67,10,10,7.42,10
Arabica,Mexico,7.58,7.58,7.5,7.17,10,10,7.42,10
Arabica,Guatemala,7.5,7.5,7.33,7.58,10,10,7.33,10
Arabica,Mexico,7.5,7.58,7.42,7.67,10,10,7.42,10
Arabica,Mexico,7.67,7.58,7.33,7.5,10,10,7.42,10
Arabica,El Salvador,7.75,7.33,7.33,7.5,10,10,7.5,10
Arabica,Mexico,7.33,7.58,7.42,7.67,10,10,7.5,10
Arabica,Mexico,7.42,7.5,7.42,7.58,10,10,7.5,10
Arabica,Colombia,7.5,7.42,7.67,7.33,10,10,7.33,10
Arabica,Colombia,7.67,7.33,7.33,7.33,10,10,7.5,10
Arabica,Brazil,7.67,7.58,7.42,7,10,10,7.58,10
Arabica,Colombia,7.17,7.25,7.58,7.25,10,10,7.67,10
Arabica,Brazil,7.42,7.42,7.5,7.42,10,10,7.5,10
Arabica,Honduras,7.5,7.5,7.17,7.42,10,10,7.5,10
Arabica,Nicaragua,7.5,7.5,7.33,7.42,10,10,7.42,10
Arabica,"Tanzania, United Republic Of",7.58,7.42,7.42,7.33,10,10,7.42,10
Arabica,"Tanzania, United Republic Of",7.42,7.42,7.42,7.5,10,10,7.33,10
Arabica,Brazil,6.92,7.58,7.42,7.33,10,10,7.5,10
Arabica,Thailand,7.42,7.42,7.17,7.75,10,10,7.67,10
Arabica,Honduras,7.67,7.5,7.25,7.42,10,10,7.42,10
Arabica,Guatemala,7.42,7.42,7.5,7.5,10,10,7.5,10
Arabica,Brazil,7.58,7.5,7.42,7.25,10,10,7.42,10
Arabica,"Tanzania, United Republic Of",7.75,7.42,7.42,7.58,10,10,7.42,10
Arabica,Mexico,7.42,7.33,7.17,7.42,10,10,8.17,10
Arabica,Mexico,7.5,7.5,7.33,7.42,10,10,7.42,10
Arabica,Taiwan,7.5,7.5,7.5,7.5,10,10,7.5,10
Arabica,Taiwan,7.67,7.5,7.5,7.17,10,10,7.58,10
Arabica,Colombia,7.33,7.25,7.25,7.58,10,10,7.5,10
Arabica,Mexico,7.5,7.67,7,7.5,10,10,7.5,10
Arabica,Guatemala,7.25,7.75,7,7.75,9.33,10,7.75,10
Arabica,Mexico,7.5,7.58,7.25,7.5,10,10,7.33,10
Arabica,Mexico,7,7.67,7.5,7.5,10,10,7.5,10
Arabica,Colombia,7.58,7.67,7.42,7.17,10,10,7.75,10
Arabica,Indonesia,7.5,7.5,7.42,7.42,10,10,7.42,10
Arabica,Colombia,7.75,7.58,7.42,7.67,10,9.33,7.58,9.33
Arabica,Brazil,7.42,7.58,7.42,7.5,10,10,7.25,10
Arabica,Brazil,7.25,7.25,7.58,7.58,10,10,7.92,10
Arabica,Costa Rica,7.75,7.42,7.42,7.25,10,10,7.42,10
Arabica,"Tanzania, United Republic Of",7.42,7.33,7.42,7.42,10,10,7.58,10
Arabica,"Tanzania, United Republic Of",7.42,7.5,7.5,7.33,10,10,7.5,10
Arabica,Colombia,7.5,7.42,7.42,7.42,10,10,7.42,10
Arabica,Costa Rica,7.58,7.33,7.33,7.33,10,10,7.67,10
Arabica,United States (Hawaii),7.25,7.58,7.58,7.25,10,10,7.42,10
Arabica,Mexico,7.42,7.58,7.5,7.33,10,10,7.42,10
Arabica,Mexico,7.5,7.42,7.42,7.5,10,10,7.5,10
Arabica,Mexico,7.67,7.5,7.25,7.58,10,10,7.33,10
Arabica,Vietnam,7.67,8,7.17,7.08,10,10,7.08,10
Arabica,Mexico,7.58,7.42,7.25,7.75,10,10,7.42,10
Arabica,United States (Hawaii),7.33,7.5,7.33,7.58,10,10,7.83,10
Arabica,Colombia,7.67,7.42,7.67,7.33,10,10,7.58,10
Arabica,Honduras,7.5,7.5,7.17,7.5,10,10,7.42,10
Arabica,Honduras,7.5,7.5,7.25,7.33,10,10,7.5,10
Arabica,Brazil,7.5,7.33,7.42,7.5,10,10,7.42,10
Arabica,"Tanzania, United Republic Of",7.67,7.33,7.33,7.42,10,10,7.42,10
Arabica,Laos,7.42,7.5,7.25,7.33,10,10,7.5,10
Arabica,"Tanzania, United Republic Of",7.42,7.42,7.33,7.58,10,10,7.42,10
Arabica,Malawi,7.5,7.42,7.33,7.58,10,10,7.5,10
Arabica,Taiwan,7.33,7.5,7.17,7.42,10,10,7.33,10
Arabica,Thailand,7.58,7.5,7.42,7.42,10,10,7.42,10
Arabica,Costa Rica,7.5,7.25,7.33,7.33,10,10,7.5,10
Arabica,Honduras,7.33,7.33,7.33,7.5,10,10,7.83,10
Arabica,Colombia,7.33,7.33,7.58,7.5,10,10,7.58,10
Arabica,Taiwan,7.42,7.58,7.33,7.42,10,9.33,7.5,10
Arabica,Brazil,7.33,7.67,7.42,7.17,10,10,7.42,10
Arabica,Mexico,7.67,7.33,7.25,7.5,10,10,7.42,10
Arabica,Brazil,7.42,7.5,7.33,7.5,10,10,7.5,10
Arabica,Brazil,7.42,7.5,7.25,7.5,10,10,7.42,10
Arabica,Guatemala,7.33,7.33,7.33,7.5,10,10,7.67,10
Arabica,Brazil,7.58,7.5,7.17,7.5,10,10,7.42,10
Arabica,Guatemala,7.75,7.33,7.33,7.42,9.33,10,7.67,10
Arabica,Colombia,7.33,7,7.08,7.42,10,10,7.67,10
Arabica,Guatemala,7.58,7.5,7.25,7.58,10,9.33,7.5,10
Arabica,Guatemala,7.5,7.5,7.25,7.42,10,10,7.42,10
Arabica,Honduras,7.58,7.5,7.25,7.33,10,10,7.5,10
Arabica,Brazil,7.42,7.33,7.33,7.5,10,10,7.33,10
Arabica,El Salvador,7.67,7.58,7.33,7.5,9.33,10,7.67,10
Arabica,Guatemala,7.58,7.58,7.17,7.83,10,10,7.33,10
Arabica,"Tanzania, United Republic Of",7.33,7.33,7.33,7.42,10,10,7.58,10
Arabica,Nicaragua,7.58,7.42,7.25,7.17,10,10,7.67,10
Arabica,Zambia,7.67,7.08,7.42,7.33,10,10,7.42,10
Arabica,Honduras,7.42,7.33,7.33,7.58,10,10,7.5,10
Arabica,Taiwan,7.5,7.5,7.42,7.25,10,10,7.5,10
Arabica,Mexico,7.58,7.5,7.25,7.58,10,10,7.25,10
Arabica,Mexico,7.5,7.5,7.25,7.25,10,10,7.5,10
Arabica,Mexico,7.5,7.42,7.25,7.5,10,10,7.33,10
Arabica,Mexico,7.33,7.58,7.17,7.58,10,10,7.33,10
Arabica,Mexico,7.67,7.42,7.33,7.83,10,9.33,7.5,10
Arabica,Brazil,7.42,7.58,7.25,7.5,10,10,7.5,10
Arabica,Colombia,7.67,7.33,7.33,7.58,10,10,7.33,10
Arabica,Guatemala,7.42,7.5,7.25,7.5,10,10,7.42,10
Arabica,Costa Rica,7.25,7.33,7.5,7.33,10,10,7.42,10
Arabica,Brazil,7.42,7.5,7.42,7.5,10,10,7.25,10
Arabica,Indonesia,7.75,7.83,7.58,7.75,10,10,7.83,10
Arabica,Guatemala,7.58,7.5,7.33,7.42,10,10,7.25,10
Arabica,Brazil,7.17,7.58,6.83,7.5,10,10,7.25,10
Arabica,Brazil,7.58,7,6.92,6.92,10,10,7.5,10
Arabica,Myanmar,7.33,7.58,7.5,7.42,10,10,7.33,10
Arabica,Mexico,7.58,7.5,7.33,7.5,10,10,7.33,10
Arabica,Honduras,7.5,7.5,7.33,7.5,10,10,7.25,10
Arabica,Costa Rica,7.67,7.5,7.5,7.25,10,10,7.42,10
Arabica,Taiwan,7.67,7.33,7.17,7.25,10,10,7.33,10
Arabica,Indonesia,7.42,7.42,7.42,7.33,10,10,7.42,10
Arabica,Malawi,7.58,7.42,7.33,7.33,10,10,7.42,10
Arabica,Brazil,7.33,7.58,7.25,7.17,10,10,7.33,10
Arabica,Honduras,7.5,7.5,7.33,7.33,10,10,7.33,10
Arabica,Mexico,7.42,7.42,7.25,7.5,10,10,7.42,10
Arabica,Colombia,7.5,7.5,7,7.42,10,10,7.58,10
Arabica,United States (Hawaii),7.83,7.83,7.83,8,10,10,7.83,6.67
Arabica,Brazil,7.75,7.75,7.5,7.42,9.33,9.33,7.75,9.33
Arabica,Guatemala,7.83,7.67,7.33,7.33,9.33,9.33,7.83,10
Arabica,Mexico,7.83,7.33,7.25,7.58,10,10,7.33,10
Arabica,Mexico,7.33,7.33,7.25,7.5,10,10,7.5,10
Arabica,Brazil,7.33,7.67,7.25,7.5,10,10,7.25,10
Arabica,Colombia,7.58,7.5,7.17,7.58,10,10,7.33,10
Arabica,United States (Hawaii),7.25,7.58,7.83,7.67,10,9.33,7.75,9.33
Arabica,Guatemala,7.5,7.5,7.25,7.42,10,10,7.33,10
Arabica,Vietnam,7,7.08,7.33,7.5,10,10,7.33,10
Arabica,"Tanzania, United Republic Of",7.42,7.42,7.42,7.42,10,10,7.33,10
Arabica,Brazil,7.17,7.25,7.17,7.25,10,10,8.25,10
Arabica,Mexico,7.5,7.5,7.33,7.42,10,10,7.25,10
Arabica,Mexico,7.42,7.5,7.17,7.67,10,10,7.42,10
Arabica,Mexico,7.42,7.5,7.33,7.58,10,10,7.33,10
Arabica,Mexico,7.33,7.42,7.33,7.67,10,10,7.25,10
Arabica,Mexico,7.5,7.42,7.25,7.33,10,10,7.25,10
Arabica,Colombia,7.33,7.42,7.33,7.33,10,10,7.67,10
Arabica,Colombia,7.42,7.58,6.92,7.08,10,10,8,10
Arabica,Brazil,7.42,7.5,7.25,7.5,10,10,7.25,10
Arabica,Guatemala,7.42,7.42,7.08,7.42,10,10,7.42,10
Arabica,Guatemala,7.42,7.33,7.17,7.67,10,10,7.42,10
Arabica,Honduras,7.58,7.5,7.33,7.33,10,10,7.25,10
Arabica,"Tanzania, United Republic Of",7.17,7.33,7.33,7.42,10,10,7.33,10
Arabica,Nicaragua,7.58,7.5,7.25,7.25,10,10,7.25,10
Arabica,Colombia,7.75,7.75,7.75,7.67,10,10,7.83,10
Arabica,Brazil,7.25,7.75,6.92,7.42,10,10,7.58,10
Arabica,"Tanzania, United Republic Of",7.42,7.33,7.25,7.42,10,10,7.42,10
Arabica,"Tanzania, United Republic Of",7.33,7.33,7.5,7.25,10,10,7.33,10
Arabica,Brazil,7.25,7.42,7.25,7.5,10,10,7.42,10
Arabica,Indonesia,7.17,7.42,7.33,7.42,10,10,7.42,10
Arabica,Honduras,7.5,7.33,7.5,7.5,10,10,7.17,10
Arabica,Costa Rica,7.5,7.17,7.17,7.17,10,10,7.08,10
Arabica,Mexico,7.42,7.42,7.67,8,10,9.33,7.5,9.33
Arabica,Taiwan,7.5,7.5,7.5,7.25,10,10,7.25,10
Arabica,Taiwan,7.58,7.42,7.33,7.42,10,10,7.33,10
Arabica,Mexico,7.5,7.42,7.08,7.58,10,10,7.33,10
Arabica,Guatemala,7.5,7.67,7.33,7.33,10,10,7.33,10
Arabica,Mexico,7.25,7.67,7.58,7.67,10,8.67,7.58,10
Arabica,Mexico,7.67,7.25,7.17,7.75,10,10,7.25,10
Arabica,Mexico,7.5,7.42,7.33,7.42,10,10,7.42,10
Arabica,Mexico,7.58,7.42,7.25,7.58,10,10,7.17,10
Arabica,Mexico,7.75,7.58,7.25,7.17,10,9.33,7.33,10
Arabica,United States (Hawaii),7.42,7.33,7.33,7.33,10,10,7.83,10
Arabica,Honduras,7.5,7.42,7.08,7.42,10,10,7.33,10
Arabica,Guatemala,7.42,7.42,7.08,7.5,10,10,7.33,10
Arabica,Taiwan,7.42,7.42,7.25,7.67,10,10,7.25,10
Arabica,Costa Rica,7.58,7.42,7.5,7.17,10,10,7.58,10
Arabica,"Tanzania, United Republic Of",7.42,7.42,7.33,7.42,10,10,7.33,10
Arabica,Malawi,7.42,7.42,7.17,7.58,10,10,7.33,10
Arabica,Taiwan,7.33,7.17,7.08,7.08,9.33,10,8.25,10
Arabica,Brazil,7.42,7.42,7.33,7.33,10,10,7.25,10
Arabica,Guatemala,7.42,7.33,7.17,7.58,10,10,7.5,10
Arabica,Mexico,7.67,7.5,7.42,7.5,10,10,7.42,10
Arabica,Mexico,7.33,7.5,7.25,7.5,10,10,7.17,10
Arabica,Mexico,7.67,7.58,7.42,7.58,8.67,10,7.42,10
Arabica,Thailand,7.08,7.33,7.58,7.58,10,10,7.5,10
Arabica,Thailand,7.33,7.33,7.17,7.5,10,10,7.33,10
Arabica,Costa Rica,7.25,7.17,7.33,7.33,10,10,7.75,10
Arabica,Guatemala,7.67,7.58,7.17,7.42,10,9.33,7.42,10
Arabica,Nicaragua,7.5,7.42,7.33,7.33,10,10,7.33,10
Arabica,Honduras,7.5,7.5,7.33,7.42,10,10,7.25,10
Arabica,Guatemala,7.5,7.42,7.25,7.25,10,10,7.25,10
Arabica,Taiwan,7.5,7.42,7.33,7.08,10,10,7.25,10
Arabica,Myanmar,7.25,7.42,7.25,7.5,10,10,7.33,10
Arabica,Costa Rica,7.83,7.33,7.08,7.08,10,10,7.5,10
Arabica,Malawi,7.67,7.42,6.92,7.5,10,10,7.17,10
Arabica,Guatemala,7.5,7.42,7.17,7.58,10,10,7.42,10
Arabica,Taiwan,7.42,7.33,7.67,7.33,9.33,10,7.5,10
Arabica,Brazil,7.58,7.5,7.5,7.67,9.33,9.33,7.83,9.33
Arabica,Haiti,7.42,7.33,7.25,7.42,10,10,7.33,10
Arabica,Taiwan,7.5,7.42,7.25,7.25,10,10,7.33,10
Arabica,Mexico,7.33,7.33,7.17,7.42,10,10,7.5,10
Arabica,Mexico,7.58,7.42,7.25,7.42,10,10,7.33,10
Arabica,Mexico,7.42,7.25,7.17,7.42,10,10,8,10
Arabica,Mexico,7.33,7.5,7.33,7.33,10,10,7.42,10
Arabica,Mexico,7.42,7.42,7.33,7.17,10,10,7.42,10
Arabica,Mexico,7.5,7.5,7.25,7.5,10,9.33,7.58,10
Arabica,Indonesia,7.75,7.17,7.17,7.33,10,10,7.33,10
Arabica,Brazil,7.5,7.42,7.17,7.42,10,10,7.33,10
Arabica,Guatemala,7.33,7.5,7.33,7.42,10,10,7.33,10
Arabica,Colombia,7.42,7.42,7.17,7.42,10,10,7.33,10
Arabica,United States (Hawaii),7.33,7.33,7.33,7.5,10,9.33,7.83,10
Arabica,Mexico,7.58,7.33,7.08,7.33,10,10,7.33,10
Arabica,Guatemala,7.42,7.33,7.08,7.58,10,10,7.25,10
Arabica,Brazil,7.33,7.5,7.5,7.33,10,10,7.42,10
Arabica,Honduras,7.5,7.33,7.17,7.25,10,10,7.42,10
Arabica,Taiwan,7.83,7.75,7.42,7.17,10,10,7.08,10
Arabica,Malawi,7.58,7.17,7.33,7.42,10,10,7.42,10
Arabica,Brazil,7.25,7.5,7.42,7.17,10,10,7.33,10
Arabica,Guatemala,7.42,7.5,7.17,7.42,10,10,7.42,10
Arabica,Mexico,7.67,7.33,7.25,7.17,10,10,7.42,10
Arabica,Peru,7.42,7.42,7.17,7.33,10,10,7.42,10
Arabica,Guatemala,7.42,7.33,7.25,7.42,10,10,7.5,10
Arabica,Mexico,7.42,7.33,7.25,7.17,10,10,7.42,10
Arabica,Mexico,7.42,7.42,7.25,7.25,10,10,7.33,10
Arabica,Colombia,7.5,7.42,7.25,7.17,10,10,7.75,10
Arabica,Colombia,7.75,7.33,7.42,7,10,10,7.25,10
Arabica,United States (Hawaii),7.83,7,7,7.58,10,10,7.5,10
Arabica,Colombia,7.5,7.33,7.33,7.17,10,10,7.42,10
Arabica,Honduras,7.5,7.5,7,7.17,10,10,7.33,10
Arabica,Mexico,7.67,7.42,7,7.42,10,10,7.08,10
Arabica,Brazil,7.25,7.33,7.33,7.33,10,10,7.42,10
Arabica,Honduras,7.58,7.42,7.17,7.42,10,10,7.17,10
Arabica,Brazil,7.17,7.33,7.42,7.25,10,10,7.33,10
Arabica,Philippines,7.08,7.33,7.42,7.33,10,10,7.5,10
Arabica,Malawi,7.75,7.33,7.08,7.33,10,10,7.25,10
Arabica,Honduras,7.33,7.33,7.17,7.33,10,10,7.33,10
Arabica,Mexico,7.58,7.42,7.25,7.33,10,10,7.25,10
Arabica,Mexico,7.33,7.25,7.17,7.42,10,10,7.33,10
Arabica,Brazil,7.5,7.58,7.5,7.5,9.33,9.33,7.83,9.33
Arabica,Taiwan,7.83,7.75,7.67,7.83,10,9.33,7.75,10
Arabica,Brazil,7.17,7.42,7.17,7.08,10,10,8.17,10
Arabica,Nicaragua,7.08,7.5,7.33,7.17,10,10,7.25,10
Arabica,Honduras,7.42,7.17,7.17,7.5,10,10,7.25,10
Arabica,Guatemala,7.33,7.42,7.17,7.25,10,10,7.33,10
Arabica,"Tanzania, United Republic Of",7.33,7.17,7.17,7.5,10,10,7.42,10
Arabica,Taiwan,7.5,7.5,7.25,7.25,10,10,7.25,10
Arabica,Guatemala,7.5,7.33,7.5,7.58,10,10,7.25,10
Arabica,Mexico,7.42,7.42,7.33,7.33,10,9.33,7.42,10
Arabica,Nicaragua,7.33,7.5,7.17,7.17,10,10,7.17,10
Arabica,"Tanzania, United Republic Of",7.67,7.17,7.17,7.33,10,10,7.17,10
Arabica,Mexico,7.75,7.58,7.08,7.25,10,10,7.25,10
Arabica,Costa Rica,7.5,7.5,7.33,7.17,10,10,7.17,10
Arabica,Honduras,7.42,7.33,7,7.42,10,10,7.33,10
Arabica,Thailand,6.83,7.42,7.42,7.17,10,10,7.42,10
Arabica,Philippines,7.25,7.25,7.25,7.08,10,10,7.5,10
Arabica,"Tanzania, United Republic Of",7.58,7.17,7.17,7.33,10,10,7.25,10
Arabica,Malawi,7.58,7.25,7.33,7.08,10,10,7.33,10
Arabica,Costa Rica,7.33,7.08,7.33,7.25,10,10,7.58,10
Arabica,Brazil,7.42,7.42,7.17,7.42,10,10,7.25,10
Arabica,Mexico,7.42,7.25,7.08,7.75,10,10,7.17,10
Arabica,Guatemala,7.42,7.25,7.33,7.25,10,10,7.42,10
Arabica,Brazil,7.42,7.33,7.25,7.42,10,10,7.17,10
Arabica,United States (Hawaii),7.25,7.75,7.67,7.67,10,8.67,7.67,9.33
Arabica,Ethiopia,7.42,7.33,7.17,7.33,10,10,7.17,10
Arabica,Brazil,7.58,7.42,7.5,7.25,9.33,9.33,7.58,10
Arabica,Nicaragua,7.33,7.33,7.33,7.42,10,10,7.33,10
Arabica,United States,7.42,7.17,7.33,7.42,10,10,7.33,10
Arabica,"Tanzania, United Republic Of",7.42,7.33,7.33,7.25,10,10,7.33,10
Arabica,Costa Rica,7.42,7.25,7.17,7.25,10,10,7.58,10
Arabica,United States (Puerto Rico),7.67,7.75,7.67,7.58,10,6.67,7.67,10
Arabica,Mexico,7.25,7.42,7.33,7.33,10,10,7.33,10
Arabica,Mexico,7.33,7.25,7.33,7.42,10,10,7.42,10
Arabica,Mexico,7.33,7.33,7.25,7.42,10,10,7.25,10
Arabica,Mexico,7.42,7.33,7.25,7.42,10,10,7.25,10
Arabica,United States (Hawaii),7.42,7.42,7.25,7.58,10,10,7.17,10
Arabica,Brazil,7.25,7.25,7.17,7.5,10,10,7.17,10
Arabica,El Salvador,7.42,7.08,7.08,7.33,10,10,7.58,10
Arabica,Brazil,7.33,7.17,7.17,7.67,10,10,7.17,10
Arabica,Guatemala,7.42,7.25,7.17,7.5,10,10,7.17,10
Arabica,Colombia,7.67,7.5,7.42,5.25,10,10,7.75,10
Arabica,Guatemala,7.5,7.25,7,7.25,10,10,7.25,10
Arabica,Taiwan,7.25,7.17,7.17,7.25,10,10,7.33,10
Arabica,Honduras,7.42,7.25,7.25,7.33,10,10,7.17,10
Arabica,Brazil,7.67,7.75,7.83,7.75,10,10,7.75,6.67
Arabica,"Tanzania, United Republic Of",7.33,7.33,7.08,7.42,10,10,7.33,10
Arabica,Uganda,7.33,6.92,7.17,7.33,10,10,7.42,10
Arabica,Taiwan,7.5,6.92,7.33,7.33,10,10,7.33,10
Arabica,Thailand,7.33,7.42,7.25,7.42,10,10,7.17,10
Arabica,Mexico,7.08,7.33,7.33,7.33,10,10,7.25,10
Arabica,Mexico,7.58,7.67,7.5,7.67,10,8,7.5,10
Arabica,Taiwan,7.33,7.17,7.25,7.33,10,10,7.25,10
Arabica,Guatemala,7.67,7.67,7.33,7.58,9.33,9.33,7.5,9.33
Arabica,Kenya,7.17,7.58,7.5,7.5,10,10,7.75,10
Arabica,Mexico,7.5,7.33,7.17,7.42,10,9.33,7.33,10
Arabica,Myanmar,7.17,7.42,7,7.58,10,10,7,10
Arabica,United States (Hawaii),7.42,7.08,7.17,7.17,10,10,7.25,10
Arabica,"Tanzania, United Republic Of",7.33,7.17,7.17,7.25,10,10,7.33,10
Arabica,Brazil,7.25,7.33,7.25,7.25,10,10,7.33,10
Arabica,Taiwan,7.92,7.67,7.33,7.08,10,10,7.08,10
Arabica,Brazil,7.17,7.42,7.17,7.25,10,10,7.33,10
Arabica,Nicaragua,7.33,7.08,7.25,7,10,10,7.42,10
Arabica,Guatemala,7.58,7.42,6.92,7.5,10,10,7.17,10
Arabica,Taiwan,7.42,7.25,7.25,7.25,10,10,7.25,10
Arabica,Taiwan,7.25,7.17,7.08,7.08,10,10,8.08,10
Arabica,Taiwan,7.42,7.25,7.25,7.25,10,10,7.25,10
Arabica,Mexico,7.58,7.33,7.08,7.5,10,10,7.25,10
Arabica,Thailand,7.67,7.58,7.33,7.33,10,10,7,10
Arabica,Laos,7.42,7.33,7.17,7.17,10,10,7.25,10
Arabica,Guatemala,7.67,7.25,7.08,7.33,10,10,7.25,10
Arabica,Mexico,7.17,7.08,7.25,7.42,10,10,7.33,10
Arabica,Mexico,7.33,7.25,7.33,7.33,10,10,7.17,10
Arabica,Mexico,7.5,7.17,7.33,7.25,10,10,7.17,10
Arabica,United States (Hawaii),7.42,7.33,7,7.25,10,10,7.5,10
Arabica,Colombia,7.33,7.33,7,6.83,10,10,7.67,10
Arabica,Brazil,7.17,7.25,7.08,7.17,10,10,7.58,10
Arabica,Myanmar,6.92,7.5,7,7.58,10,10,7.08,10
Arabica,Guatemala,7.5,7.33,7,7.42,10,10,7.17,10
Arabica,Nicaragua,7.25,7.25,7.17,7.25,10,10,7.25,10
Arabica,Honduras,7.5,7.33,7,7.42,10,10,7.17,10
Arabica,Panama,7.25,7.33,7.17,7.33,10,10,7.17,10
Arabica,Honduras,7.42,7.17,7.08,7.42,10,10,7.25,10
Arabica,Honduras,7.25,7.33,7.08,7.5,10,10,7.33,10
Arabica,Costa Rica,7.33,7.33,7.25,7.25,10,10,7.17,10
Arabica,Mexico,7.58,7.33,7.42,7.25,10,9.33,7.5,9.33
Arabica,Haiti,7.42,7,7.42,7.25,10,10,7.33,10
Arabica,United States (Hawaii),7.08,7.33,7.17,7.25,10,10,7.67,10
Arabica,Taiwan,7.33,7.08,7.08,7.08,10,10,7.33,10
Arabica,Indonesia,7.58,7.42,7,7.67,10,9.33,7.5,9.33
Arabica,Guatemala,7.67,7.42,6.83,7.17,10,10,7.17,10
Arabica,Costa Rica,7.83,7.5,7.67,7.67,10,6.67,7.5,10
Arabica,Malawi,7.5,7.25,7.17,7.17,10,10,7.17,10
Arabica,Mexico,7.25,7.17,7.17,7.25,10,10,7.42,10
Arabica,Colombia,7.67,7.5,7.42,7.67,6.67,10,7.75,10
Arabica,Guatemala,7.67,7.17,7,7.5,10,10,7,10
Arabica,Guatemala,7,7.33,7.5,7.33,10,10,7.33,10
Arabica,Guatemala,7,7.5,7.33,7.17,10,10,7.17,10
Arabica,Colombia,7.17,7.25,7.08,7.42,10,10,7.42,10
Arabica,Brazil,7.33,7.25,7.33,7.08,10,9.33,7.25,10
Arabica,Nicaragua,7.08,7.5,7,7.25,10,10,7,10
Arabica,"Tanzania, United Republic Of",7.25,7.08,7.08,7.33,10,10,7.25,10
Arabica,Brazil,7.42,7.25,7.33,7,10,10,7.25,10
Arabica,Honduras,7.5,7.17,7,7.42,10,10,7,10
Arabica,Guatemala,7.17,7.42,6.83,7.5,10,10,7.25,10
Arabica,United States (Hawaii),7.42,7.58,7.5,7.92,9.33,8.67,7.83,8.67
Arabica,Colombia,7.08,7.25,7,7.5,10,10,7.33,10
Arabica,Taiwan,7.17,7.17,7.17,7.42,10,10,7.25,10
Arabica,Guatemala,7.33,7.25,7.08,7.17,10,10,7.17,10
Arabica,Honduras,7.58,7.33,7,7.17,10,10,7.08,10
Arabica,Mauritius,7.25,7.25,7.17,7.17,10,10,7.17,10
Arabica,Brazil,7.25,7.33,7.17,7.5,10,9.33,7.25,10
Arabica,Myanmar,7.17,7.33,7.17,7.42,10,10,7.08,10
Arabica,Guatemala,7.5,7.17,6.83,7.5,10,10,7.17,10
Arabica,Brazil,7.42,7.42,7.08,7.33,10,9.33,7.5,9.33
Arabica,United States (Hawaii),7.42,7.33,7.33,7.58,10,8.67,7.42,10
Arabica,Guatemala,7.5,7.5,7,7.67,10,10,7,10
Arabica,Mexico,7.25,7.25,7.08,7.33,10,10,7.17,10
Arabica,Honduras,7.25,7.42,7,7.42,10,10,7,10
Arabica,Taiwan,7.58,7.17,7.17,7.17,10,10,7.17,10
Arabica,El Salvador,7.33,7.17,7.08,7.08,10,10,7.17,10
Arabica,China,7.25,7.08,7.25,7.17,10,10,7.17,10
Arabica,Taiwan,7.25,7.25,7.17,7.25,10,10,7.25,10
Arabica,Mexico,6.92,7.17,7.08,7.5,10,10,7.17,10
Arabica,Mexico,7.42,7.08,7.08,7.33,10,10,7.17,10
Arabica,Burundi,7.08,7.25,7.17,7.33,10,10,7.08,10
Arabica,"Tanzania, United Republic Of",7.25,7.17,7,7.25,10,10,7.08,10
Arabica,"Tanzania, United Republic Of",7.25,7.17,7.25,7.25,10,10,7.08,10
Arabica,Taiwan,7.25,7.25,7.08,7.25,10,10,7.25,10
Arabica,Guatemala,7.33,7.33,6.83,7.5,10,10,7.17,10
Arabica,Mexico,7.25,7.08,7.08,7.33,10,10,7.17,10
Arabica,United States (Hawaii),7.17,7.5,6.92,7.33,10,9.33,7.33,10
Arabica,Ethiopia,7.25,7.25,7.25,7.33,10,9.33,8,9.33
Arabica,Brazil,7.17,7.33,7.42,7.08,10,10,7,10
Arabica,Honduras,7.25,7.25,7,7,10,10,7,10
Arabica,Mexico,7.25,7.17,7,7.33,10,10,7,10
Arabica,Myanmar,8,7.08,7,7.33,10,10,6.92,10
Arabica,Myanmar,7.42,7,7.08,7,10,10,7.33,10
Arabica,Nicaragua,7.08,6.92,7,7.25,10,10,7.25,10
Arabica,United States (Hawaii),7.5,7.08,7.67,7.67,9.33,9.33,7.58,9.33
Arabica,Colombia,7.42,8,7.83,7.75,8.67,8.67,7.58,8.67
Arabica,Taiwan,7.25,7.08,7.25,7.25,10,10,7.25,10
Arabica,Guatemala,7,7.17,7.33,7.33,10,10,7.17,10
Arabica,Mexico,7.58,7.33,7.17,7.25,10,10,7,10
Arabica,Vietnam,7.42,7.25,7.25,7.58,10,8.67,7.33,10
Arabica,Nicaragua,7.17,7.08,7.08,7.33,10,10,7.08,10
Arabica,Honduras,7.25,7.25,7,7.17,10,10,7.08,10
Arabica,Guatemala,7.33,7.33,7,7.17,10,10,7.17,10
Arabica,Mexico,7.33,7.08,6.92,7.42,10,10,7.08,10
Arabica,Mexico,7.58,7.42,7.33,7.5,10,8.67,7.17,10
Arabica,Mexico,7.33,7.33,7.17,7.08,10,10,7,10
Arabica,Guatemala,7.33,7.33,7,7.33,10,10,7,10
Arabica,United States (Hawaii),7.58,7.5,7.33,7.33,9.33,9.33,7.33,9.33
Arabica,Brazil,7.17,7.17,7,7.17,10,10,7.25,10
Arabica,Taiwan,7.42,7.25,7.25,7.17,10,10,7,10
Arabica,Nicaragua,7.25,7.17,6.92,7.25,10,10,7.25,10
Arabica,Taiwan,7.25,7.25,7.25,7.25,10,10,7,10
Arabica,Taiwan,7.25,7.25,7.25,7,10,10,7.08,10
Arabica,Taiwan,7.25,7.25,7.25,7.08,10,10,7.08,10
Arabica,Mexico,7.33,7.17,7.25,7.08,10,10,7.08,10
Arabica,Mexico,7.25,7.08,7,7.17,10,10,7.17,10
Arabica,Nicaragua,7.33,7.08,6.92,7.08,10,10,7.17,10
Arabica,Myanmar,7.17,7.33,7,7.42,10,10,7,10
Arabica,Mexico,7.58,7.75,7.42,7.5,10,8.67,7.5,8.67
Arabica,Taiwan,7.25,7.25,7.25,7,10,10,7,10
Arabica,Thailand,7.33,6.67,7.08,7.42,10,10,7.08,10
Arabica,Mexico,7.25,7.25,7.08,7.17,10,9.33,7.33,10
Arabica,Mexico,7.08,7.33,7,7.33,10,10,7,10
Arabica,Ethiopia,7.42,7.42,7.5,7.92,8.67,8.67,7.58,9.33
Arabica,Colombia,7.83,7.67,7.58,7.75,10,6.67,7.17,10
Arabica,United States (Hawaii),7.5,7,7,6.92,10,10,7.17,10
Arabica,Mexico,7.33,7.08,7.08,7.33,10,9.33,7.17,10
Arabica,Mexico,7.17,7.17,6.92,7.25,10,10,7.08,10
Arabica,Mexico,7.5,7.17,7,7.17,10,10,7.08,10
Arabica,Mexico,7.17,7.08,7.08,7.08,10,9.33,7.33,10
Arabica,Mexico,7.33,7.25,7,7.42,10,9.33,7.17,10
Arabica,Mexico,7.17,7.33,7.08,7.58,10,10,7.08,9.33
Arabica,United States (Hawaii),7.5,7.42,7.58,7.42,10,8.67,7.58,8.67
Arabica,Kenya,7,7.08,7,7.17,10,10,7.25,10
Arabica,Guatemala,7.33,7.25,6.92,7.33,10,9.33,7.33,10
Arabica,Nicaragua,6.83,7.17,7.17,6.92,10,10,7.08,10
Arabica,Mexico,7.17,7.08,7,7.25,10,10,7,10
Arabica,United States (Hawaii),7.58,7.08,6.83,7.17,10,9.33,7.17,10
Arabica,Guatemala,7.5,7.42,7.25,7.58,9.33,9.33,7.42,9.33
Arabica,Taiwan,7.75,7.33,7.17,7.33,8.67,9.33,7.83,9.33
Arabica,Taiwan,7.08,7.08,7.25,7,10,10,7.17,10
Arabica,Thailand,7.25,7.08,6.92,7.5,10,10,6.92,10
Arabica,Peru,7,7.08,7,7.25,10,9.33,7.42,10
Arabica,Costa Rica,7.58,7.5,7.67,7.75,10,8,7.58,8
Arabica,Mexico,7.58,7.08,7,7,10,10,6.92,10
Arabica,Mexico,7.58,7.08,6.92,7.58,10,10,6.92,9.33
Arabica,Mexico,7.25,7.08,7,7.17,10,10,7.08,10
Arabica,Mexico,7.25,7.17,7.17,7.08,10,10,7,10
Arabica,Mexico,7.33,7.25,7,7.08,10,10,7,10
Arabica,Guatemala,7.58,7.33,7.5,7.33,9.33,9.33,7.33,9.33
Arabica,Mexico,7.25,6.83,6.92,7.08,10,10,7.08,10
Arabica,Guatemala,7.42,7.42,7.25,7.58,9.33,9.33,7.33,9.33
Arabica,El Salvador,7.25,7.08,7,6.83,10,10,7.17,10
Arabica,Thailand,6.92,7.17,6.83,7.42,10,10,7.08,10
Arabica,Guatemala,7.5,7,6.83,7.08,10,10,7.17,10
Arabica,Mexico,7.42,7.25,6.83,7.58,10,10,6.58,10
Arabica,Mexico,7.33,7.17,7,6.75,10,10,7,10
Arabica,Mexico,6.92,7.17,7.17,7.17,10,10,7.08,10
Arabica,Thailand,7.17,7.17,7,7,10,10,6.92,10
Arabica,Mexico,7.08,7,6.92,7.33,10,10,7.08,10
Arabica,Mexico,7.25,6.92,6.92,7.33,10,10,7,10
Arabica,Colombia,7.25,7.17,7,6.75,10,10,7.33,10
Arabica,Guatemala,7.08,7,6.83,7.33,10,10,7,10
Arabica,Nicaragua,6.92,6.92,7,7.42,10,10,7,10
Arabica,Taiwan,6.92,7,7.17,7,10,10,7,10
Arabica,Colombia,7.83,7.5,7.42,7.42,10,10,7.5,6.67
Arabica,Mexico,7.25,7.08,6.92,7.25,10,9.33,7.08,10
Arabica,Mexico,7.25,7.33,7,7.25,10,9.33,7.17,10
Arabica,Guatemala,7.08,7.33,7.25,7.58,9.33,9.33,7.42,9.33
Arabica,Guatemala,7.25,7.33,6.83,7,10,10,7.17,10
Arabica,Mexico,7,6.83,6.83,7.42,10,10,7.17,10
Arabica,Cote d?Ivoire,7.42,7.25,6.83,7,10,9.33,7.08,10
Arabica,Colombia,7.42,7.25,6.75,7.25,10,9.33,7.25,9.33
Arabica,Mexico,7,7,6.83,7.33,10,10,6.92,10
Arabica,Mexico,7.42,7.17,7.08,7.17,10,9.33,7.08,10
Arabica,Guatemala,7.17,6.5,6.33,7.25,10,10,7.33,10
Arabica,Taiwan,7.08,6.83,6.83,7.25,10,10,7.08,10
Arabica,Mexico,7,7,6.92,7.17,10,10,7.08,10
Arabica,Guatemala,7.33,7.42,7.33,7.42,9.33,8.67,7.42,9.33
Arabica,Honduras,7.58,7,6.75,6.92,10,10,6.92,10
Arabica,Guatemala,7.08,7,6.92,7.42,10,10,6.92,10
Arabica,Guatemala,7.25,7.17,6.75,7.25,10,10,6.92,10
Arabica,Costa Rica,7.17,7.42,7.5,8,6.67,10,7.83,10
Arabica,Mexico,7.25,7.08,6.92,7.08,10,9.33,7.17,10
Arabica,Mexico,7.17,6.92,6.92,7.08,10,10,7,10
Arabica,Mexico,6.75,6.75,6.83,7.25,10,10,7.08,10
Arabica,Guatemala,7.58,7.67,7.42,7.42,8.67,8.67,7.67,8.67
Arabica,United States (Puerto Rico),7.42,7.08,6.75,7.33,10,10,6.92,9.33
Arabica,Mexico,7.33,7,6.92,7.25,10,9.33,7.08,10
Arabica,Mexico,7.25,7.08,6.75,7.33,10,9.33,7,10
Arabica,Mexico,7.17,7.25,7.25,7.17,10,9.33,7.08,9.33
Arabica,,6.75,6.75,6.42,6.83,10,10,7.5,10
Arabica,Guatemala,7.33,7.17,6.58,7.42,10,10,6.83,10
Arabica,Honduras,7,7,7,7,10,10,7,10
Arabica,Peru,7.67,7.17,7.08,7.25,9.33,8.67,7.5,9.33
Arabica,Mexico,6.75,7.08,6.67,7.25,10,10,7.08,10
Arabica,Mexico,7.5,7.17,6.92,7.5,10,8.67,7,10
Arabica,Mexico,7.17,6.83,6.83,7.25,10,10,6.92,10
Arabica,Mexico,7.33,7,6.75,7.08,10,9.33,7.25,10
Arabica,Mexico,7.5,7,6.92,7.08,10,10,6.75,10
Arabica,Nicaragua,7.17,7,6.92,7,10,10,7,10
Arabica,United States (Hawaii),7.5,6.92,6.92,7.25,9.33,9.33,7.42,9.33
Arabica,Guatemala,7.33,7.08,6.33,7.25,10,10,7,10
Arabica,Mexico,7.25,6.83,6.83,7,10,10,7,10
Arabica,Mexico,7.25,7.33,7.17,7.25,10,8.67,7,10
Arabica,Mexico,7.67,7.17,6.83,7.33,8.67,9.33,7.17,10
Arabica,China,7,6.92,6.83,7.17,9.33,10,7.17,10
Arabica,Mexico,6.92,6.92,6.67,7.25,10,10,6.92,10
Arabica,Nicaragua,7.08,7,6.75,6.83,10,10,6.92,10
Arabica,Nicaragua,6.83,7.08,6.92,6.75,10,10,7.08,10
Arabica,Guatemala,7.33,7.17,6.92,7.58,10,8.67,7.17,9.33
Arabica,Taiwan,6.83,6.75,7.17,7.25,10,10,6.92,10
Arabica,Mexico,7,7,6.75,7.33,10,10,6.92,10
Arabica,Mexico,7.92,7.58,7.58,7.92,10,8,7.5,6.67
Arabica,United States (Hawaii),7.92,6.83,7.08,7.42,10,8.67,7.33,9.33
Arabica,Mexico,7.25,6.75,6.92,6.92,10,9.33,7.58,9.33
Arabica,Mexico,7.08,6.83,6.83,7,10,10,6.92,10
Arabica,Mexico,7.25,7.17,7,6.83,10,8.67,7.08,10
Arabica,Brazil,6.83,7,6.92,7.08,10,10,6.83,10
Arabica,Mexico,7.58,7.17,7,7.17,10,8,7,10
Arabica,United States (Hawaii),7.5,7.75,7.58,7.83,8.67,7.33,7.92,8
Arabica,Guatemala,7.17,6.5,6.67,7,10,10,7.17,10
Arabica,Guatemala,7.17,7.17,6.5,7.17,10,10,6.83,10
Arabica,Mexico,7.25,7.25,7,7.5,10,8,7.42,9.33
Arabica,Guatemala,7.17,6.08,6.17,7.25,10,10,7.33,10
Arabica,United States (Hawaii),7.5,7.5,7.33,7.58,8.67,8.67,7.42,8.67
Arabica,United States (Hawaii),7.42,7.33,7.33,7.5,9.33,8,7.75,8.67
Arabica,Indonesia,6.92,6.83,6.92,6.92,10,10,6.83,10
Arabica,Mexico,7.08,6.83,6.67,7.25,10,10,6.92,9.33
Arabica,Taiwan,7.5,7.08,7.33,7.17,10,6.67,7.5,10
Arabica,Honduras,6.83,7,6.67,7,10,10,6.83,10
Arabica,United States (Hawaii),7.58,7.33,7.5,7.42,9.33,8,7.33,8.67
Arabica,Guatemala,7.42,7.25,6.83,7.33,9.33,9.33,6.92,9.33
Arabica,China,7.33,7.17,6.92,7.08,9.33,9.33,7,9.33
Arabica,Guatemala,7,6.83,6.83,7.17,10,10,6.83,10
Arabica,Mexico,7.25,7.33,7,7,8,10,7.08,10
Arabica,Colombia,7.42,7.17,7,7.17,9.33,8.67,7.17,9.33
Arabica,Costa Rica,7.5,7.25,7.42,7,10,8.67,6.83,9.33
Arabica,Mexico,7.42,7.25,7,7,10,8,7.08,10
Arabica,Guatemala,7.17,6.17,6.17,7.08,10,10,6.83,10
Arabica,Nicaragua,7.42,7,7,7.17,10,9.33,7,8.67
Arabica,Brazil,7,6.75,6.67,6.83,10,10,6.83,10
Arabica,Guatemala,7,6.83,6.67,7.17,10,10,6.83,10
Arabica,Taiwan,7.17,6.75,6.58,7.33,10,9.33,7.17,9.33
Arabica,United States (Hawaii),7.58,7.67,7.58,7.67,6,9.33,7.42,9.33
Arabica,Mexico,7.17,6.75,6.58,6.75,10,10,6.75,10
Arabica,Guatemala,7.08,6.92,6.33,7,10,10,7,10
Arabica,Brazil,7.5,7.33,7.42,7.58,10,8,6.92,8
Arabica,Guatemala,7.33,7,6.83,7.17,9.33,9.33,7.17,9.33
Arabica,Mexico,7.33,7,6.67,7,10,9.33,6.92,9.33
Arabica,Haiti,6.83,6.83,6.83,6.75,10,9.33,6.92,10
Arabica,United States (Hawaii),7.08,6.92,6.83,6.67,10,8.67,7.42,9.33
Arabica,Mexico,7.08,7,7,7.25,10,8.67,7.25,8.67
Arabica,Peru,7.42,7.75,7.42,7.67,9.33,8.67,7.83,5.33
Arabica,India,7.67,7.33,7.17,6.67,6.67,9.33,7.42,10
Arabica,Mexico,6.67,6.33,6.42,6.83,10,10,6.92,10
Arabica,Guatemala,6.42,6.5,6.5,7.33,10,10,6.92,10
Arabica,Mexico,7.17,6.58,6.58,7,10,9.33,6.58,9.33
Arabica,Guatemala,7.5,7,6.83,7.5,8.67,8.67,7.33,8.67
Arabica,Guatemala,6.17,6.5,6.5,7.17,10,10,6.83,10
Arabica,United States (Hawaii),7.25,7.08,6.83,7.17,9.33,8.67,6.83,8.67
Arabica,United States (Hawaii),7.5,7.33,7.33,7.58,8,8,7.25,8
Arabica,Mexico,7.42,7,6.83,7.08,10,7.33,6.83,10
Arabica,Indonesia,7.33,7,6.5,6.08,9.33,9.33,6.33,10
Arabica,Mexico,7.08,6.83,6.83,7.17,10,10,7.08,7.33
Arabica,Honduras,6.83,6.83,6.67,6.83,10,9.33,6.83,8.67
Arabica,Philippines,6.83,6.5,6.5,6.92,9.33,9.33,7,10
Arabica,Brazil,7.17,7,6.83,7.5,10,8,7,8
Arabica,Guatemala,7.92,7.58,7.17,7.58,8,8,7.17,8
Arabica,Guatemala,6.67,6.5,6.33,7,10,8.67,6.75,10
Arabica,Mexico,7.5,7.25,6.92,7,10,8,6.83,8
Arabica,Mexico,7.17,6.92,6.67,6.83,10,10,7.75,6
Arabica,Mexico,7.25,6.83,6.67,7.08,10,10,6.83,6.67
Arabica,Mexico,7.17,7.17,6.83,7.17,10,8.67,6.67,7.33
Arabica,Mexico,7,6.92,6.75,6.92,10,10,6.83,6.67
Arabica,Mexico,7.08,6.75,6.58,7,10,8.67,6.75,8.67
Arabica,Mexico,7.33,6.75,6.67,7.25,10,10,7,5.33
Arabica,Guatemala,6.75,6.5,6.17,7,10,8,6.75,10
Arabica,Guatemala,6.75,6.67,6.17,7.17,10,8,6.58,10
Arabica,Mexico,7.08,7,6.83,7.5,10,8,6.83,7.33
Arabica,United States (Hawaii),7.5,7.25,7,7.25,6.67,8,7.33,8.67
Arabica,Guatemala,6.5,6.33,6.5,7.5,8.67,8.67,6.83,10
Arabica,Mexico,7,6.58,6.67,6.83,10,10,6.83,6.67
Arabica,Mexico,6.92,6.42,6.17,7.33,10,10,6.75,6.67
Arabica,Mexico,7.67,7,7.17,7.58,10,10,7.33,2.67
Arabica,United States (Hawaii),7.17,7.17,7.17,7.58,6.67,9.33,6.92,6.67
Arabica,Brazil,7.25,6.58,6.58,7,10,8,6.42,8
Arabica,Honduras,7,7.17,6.83,7.17,8,8,7.17,8
Arabica,Mexico,7.08,7.08,6.92,7.08,8,8,6.92,8
Arabica,Colombia,8,7.33,7.75,7.33,6.67,6.67,7.67,6.67
Arabica,United States (Hawaii),6.92,6.92,6.92,7.5,9.33,6.67,7.17,6.67
Arabica,Haiti,6.92,6.75,7.08,7.17,8.67,10,6.67,5.33
Arabica,Costa Rica,6.33,6.5,6.33,6.83,10,10,6.5,6.67
Arabica,Mexico,6.92,6.92,6.92,6.92,10,10,7,2.67
Arabica,Mexico,6.5,6.67,6.42,7.17,10,8,6.5,6
Arabica,Mexico,6.92,7,6.83,6.92,10,6,6.92,6
Arabica,Brazil,7,7,6.83,7,10,6,6.83,6
Arabica,Honduras,6.67,6.5,6.17,6.67,8,8,6.17,8
Arabica,Honduras,7,6.17,6.17,6.67,8,8,6.17,8
Arabica,Honduras,7,6.33,6.17,6.5,8,8,6.17,8
Arabica,Mexico,7.08,6.83,6.25,7.42,10,10,6.75,0
Arabica,Haiti,6.75,6.58,6.42,6.67,6,9.33,6.67,6
Arabica,Nicaragua,7.25,6.58,6.33,6.25,6,6,6.08,6
Arabica,Guatemala,7.5,6.67,6.67,7.67,1.33,8,6.67,1.33
Arabica,Honduras,0,0,0,0,0,0,0,0